# File generated by ImageToStl.com - Free Image and 3D model conversion tools

mtllib Pot Plant by Nick Slough - OXA1phQZgL.mtl

o obj1
v 0.0519824 0.37778132 -0.11969965
v -0.00164962 0.3473199 -0.08871978
v 0.00207543 0.35359701 -0.07881277
v 0.00207543 0.35359701 -0.07881277
v 0.05238342 0.3597853 -0.05032176
v 0.05828142 0.37819564 -0.11652463
v 0.0519824 0.37778132 -0.11969965
v 0.05828142 0.37819564 -0.11652463
v 0.05238342 0.3597853 -0.05032176
v 0.06333137 0.35842329 -0.05151075
v 0.05828142 0.37819564 -0.11652463
v -0.00164962 0.3473199 -0.08871978
v 0.0519824 0.37778132 -0.11969965
v 0.06333137 0.35842329 -0.05151075
v 0.00207543 0.35359701 -0.07881277
v -0.02423358 0.30824088 -0.06368966
v -0.0195775 0.31322199 -0.05514569
v -0.00164962 0.3473199 -0.08871978
v -0.0195775 0.31322199 -0.05514569
v 0.0476563 0.32296151 -0.01510067
v 0.05238342 0.3597853 -0.05032176
v 0.00207543 0.35359701 -0.07881277
v 0.06333137 0.35842329 -0.05151075
v 0.0476563 0.32296151 -0.01510067
v 0.06288528 0.31895707 -0.01435275
v 0.05238342 0.3597853 -0.05032176
v 0.0476563 0.32296151 -0.01510067
v 0.01183438 0.27502179 -0.02369566
v 0.06288528 0.31895707 -0.01435275
v 0.01183438 0.27502179 -0.02369566
v -0.0195775 0.31322199 -0.05514569
v -0.02423358 0.30824088 -0.06368966
v 0.01183438 0.27502179 -0.02369566
v 0.0476563 0.32296151 -0.01510067
v -0.0195775 0.31322199 -0.05514569
v 0.06288528 0.31895707 -0.01435275
v 0.01183438 0.27502179 -0.02369566
v -0.02423358 0.30824088 -0.06368966
v 0.06333137 0.35842329 -0.05151075
v -0.02423358 0.30824088 -0.06368966
v -0.00164962 0.3473199 -0.08871978
v 0.06288528 0.31895707 -0.01435275
v 0.20246934 -0.14854398 -0.11463882
v 0.20547246 -0.10445037 -0.09343387
v 0.19865131 -0.10732377 -0.11989786
v 0.20246934 -0.14854398 -0.11463882
v 0.19430732 -0.09989016 -0.14535477
v 0.19944643 -0.10110947 -0.12165881
v 0.16083645 -0.02354638 -0.09881688
v 0.20547246 -0.10445037 -0.09343387
v 0.19501232 -0.00988571 -0.05601788
v 0.19865131 -0.10732377 -0.11989786
v 0.02803135 0.0242792 -0.12723684
v 0.16083645 -0.02354638 -0.09881688
v 0.06017542 0.01188785 -0.04732084
v 0.13747048 -0.02016488 -0.16210175
v 0.02803135 0.0242792 -0.12723684
v 0.06017542 0.01188785 -0.04732084
v 0.00329232 0.01734645 -0.05735683
v -0.00126767 0.01184994 -0.01572871
v -0.00061965 0.02185542 -0.0164318
v 0.00329232 0.01734645 -0.05735683
v -0.00126767 0.01184994 -0.01572871
v 0.08431745 0.03305537 0.00385213
v 0.06001448 0.0277973 -0.05962681
v 0.03339243 0.01859171 -0.00327778
v -0.00061965 0.02185542 -0.0164318
v 0.06001448 0.0277973 -0.05962681
v 0.14155935 -0.00129691 -0.1540339
v 0.03029251 0.03395422 -0.11933469
v 0.16295838 -0.00933496 -0.10984874
v 0.16295838 -0.00933496 -0.10984874
v 0.19430732 -0.09989016 -0.14535477
v 0.14155935 -0.00129691 -0.1540339
v 0.19944643 -0.10110947 -0.12165881
v -0.00061965 0.02185542 -0.0164318
v -0.00126767 0.01184994 -0.01572871
v 0.03339243 0.01859171 -0.00327778
v 0.03339243 0.01859171 -0.00327778
v 0.09951544 0.01072961 0.02834225
v 0.08431745 0.03305537 0.00385213
v 0.03029251 0.03395422 -0.11933469
v 0.00329232 0.01734645 -0.05735683
v 0.06001448 0.0277973 -0.05962681
v -0.00061965 0.02185542 -0.0164318
v 0.00329232 0.01734645 -0.05735683
v 0.03029251 0.03395422 -0.11933469
v 0.02803135 0.0242792 -0.12723684
v 0.20246934 -0.14854398 -0.11463882
v 0.19865131 -0.10732377 -0.11989786
v 0.18866729 -0.10957997 -0.14490391
v 0.20246934 -0.14854398 -0.11463882
v 0.18866729 -0.10957997 -0.14490391
v 0.19430732 -0.09989016 -0.14535477
v 0.20246934 -0.14854398 -0.11463882
v 0.19944643 -0.10110947 -0.12165881
v 0.20798135 -0.09918279 -0.09985782
v 0.20246934 -0.14854398 -0.11463882
v 0.20798135 -0.09918279 -0.09985782
v 0.20547246 -0.10445037 -0.09343387
v 0.13747048 -0.02016488 -0.16210175
v 0.19865131 -0.10732377 -0.11989786
v 0.16083645 -0.02354638 -0.09881688
v 0.18866729 -0.10957997 -0.14490391
v 0.14155935 -0.00129691 -0.1540339
v 0.19430732 -0.09989016 -0.14535477
v 0.13747048 -0.02016488 -0.16210175
v 0.18866729 -0.10957997 -0.14490391
v 0.19393229 0.00906022 -0.07341981
v 0.20798135 -0.09918279 -0.09985782
v 0.16295838 -0.00933496 -0.10984874
v 0.19944643 -0.10110947 -0.12165881
v 0.06017542 0.01188785 -0.04732084
v 0.09951544 0.01072961 0.02834225
v 0.03339243 0.01859171 -0.00327778
v -0.00126767 0.01184994 -0.01572871
v 0.19501232 -0.00988571 -0.05601788
v 0.20798135 -0.09918279 -0.09985782
v 0.19393229 0.00906022 -0.07341981
v 0.20547246 -0.10445037 -0.09343387
v 0.16295838 -0.00933496 -0.10984874
v 0.06001448 0.0277973 -0.05962681
v 0.08431745 0.03305537 0.00385213
v 0.19393229 0.00906022 -0.07341981
v 0.06017542 0.01188785 -0.04732084
v 0.19501232 -0.00988571 -0.05601788
v 0.09951544 0.01072961 0.02834225
v 0.16083645 -0.02354638 -0.09881688
v 0.13747048 -0.02016488 -0.16210175
v 0.02803135 0.0242792 -0.12723684
v 0.14155935 -0.00129691 -0.1540339
v 0.03029251 0.03395422 -0.11933469
v 0.08431745 0.03305537 0.00385213
v 0.19501232 -0.00988571 -0.05601788
v 0.19393229 0.00906022 -0.07341981
v 0.09951544 0.01072961 0.02834225
v -0.04944563 0.07589208 -0.30622673
v -0.01755857 0.09214077 -0.2866728
v -0.0428586 0.09547148 -0.28401084
v -0.04944563 0.07589208 -0.30622673
v -0.05977058 0.1107298 -0.27900978
v -0.03814769 0.10452209 -0.28178782
v -0.01755857 0.09214077 -0.2866728
v -0.01354456 0.13228544 -0.19921085
v -0.0428586 0.09547148 -0.28401084
v 0.04055834 0.12869342 -0.21525286
v 0.01647949 0.10664947 -0.09221171
v -0.06764865 0.13587745 -0.18316886
v -0.01354456 0.13228544 -0.19921085
v -0.05253362 0.11958464 -0.07034586
v 0.01647949 0.10664947 -0.09221171
v 0.00676537 0.10362655 -0.04875586
v -0.05253362 0.11958464 -0.07034586
v 0.02336836 0.09205991 -0.05407189
v 0.02400947 0.09588773 -0.05276583
v 0.00676537 0.10362655 -0.04875586
v 0.02336836 0.09205991 -0.05407189
v 0.01450038 0.1109124 -0.08820175
v 0.04461646 0.10111339 -0.05997871
v 0.0822103 0.12422426 -0.10869882
v 0.02400947 0.09588773 -0.05276583
v -0.05477452 0.14952811 -0.17772766
v 0.01450038 0.1109124 -0.08820175
v -0.01353955 0.13586625 -0.19417689
v -0.03701758 0.12993868 -0.06689379
v -0.05977058 0.1107298 -0.27900978
v -0.01353955 0.13586625 -0.19417689
v -0.03814769 0.10452209 -0.28178782
v -0.05477452 0.14952811 -0.17772766
v 0.02400947 0.09588773 -0.05276583
v 0.02336836 0.09205991 -0.05407189
v 0.04461646 0.10111339 -0.05997871
v 0.04461646 0.10111339 -0.05997871
v 0.09226251 0.10795077 -0.11771176
v 0.0822103 0.12422426 -0.10869882
v 0.01450038 0.1109124 -0.08820175
v 0.00676537 0.10362655 -0.04875586
v 0.02400947 0.09588773 -0.05276583
v -0.03701758 0.12993868 -0.06689379
v 0.00676537 0.10362655 -0.04875586
v -0.03701758 0.12993868 -0.06689379
v -0.05253362 0.11958464 -0.07034586
v -0.04944563 0.07589208 -0.30622673
v -0.0428586 0.09547148 -0.28401084
v -0.06734967 0.09764776 -0.27836177
v -0.04944563 0.07589208 -0.30622673
v -0.06734967 0.09764776 -0.27836177
v -0.05977058 0.1107298 -0.27900978
v -0.04944563 0.07589208 -0.30622673
v -0.03814769 0.10452209 -0.28178782
v -0.01681566 0.10255561 -0.28649971
v -0.04944563 0.07589208 -0.30622673
v -0.01681566 0.10255561 -0.28649971
v -0.01755857 0.09214077 -0.2866728
v -0.01354456 0.13228544 -0.19921085
v -0.06734967 0.09764776 -0.27836177
v -0.0428586 0.09547148 -0.28401084
v -0.06764865 0.13587745 -0.18316886
v -0.05477452 0.14952811 -0.17772766
v -0.05977058 0.1107298 -0.27900978
v -0.06764865 0.13587745 -0.18316886
v -0.06734967 0.09764776 -0.27836177
v -0.01681566 0.10255561 -0.28649971
v -0.03814769 0.10452209 -0.28178782
v -0.01353955 0.13586625 -0.19417689
v 0.03021431 0.14920791 -0.20817275
v 0.04461646 0.10111339 -0.05997871
v 0.01647949 0.10664947 -0.09221171
v 0.09226251 0.10795077 -0.11771176
v 0.02336836 0.09205991 -0.05407189
v -0.01681566 0.10255561 -0.28649971
v 0.04055834 0.12869342 -0.21525286
v -0.01755857 0.09214077 -0.2866728
v 0.03021431 0.14920791 -0.20817275
v 0.01450038 0.1109124 -0.08820175
v 0.03021431 0.14920791 -0.20817275
v -0.01353955 0.13586625 -0.19417689
v 0.0822103 0.12422426 -0.10869882
v 0.04055834 0.12869342 -0.21525286
v 0.01647949 0.10664947 -0.09221171
v -0.01354456 0.13228544 -0.19921085
v 0.09226251 0.10795077 -0.11771176
v -0.06764865 0.13587745 -0.18316886
v -0.05253362 0.11958464 -0.07034586
v -0.05477452 0.14952811 -0.17772766
v -0.03701758 0.12993868 -0.06689379
v 0.09226251 0.10795077 -0.11771176
v 0.03021431 0.14920791 -0.20817275
v 0.0822103 0.12422426 -0.10869882
v 0.04055834 0.12869342 -0.21525286
v 0.04553151 0.27916596 -0.2676777
v -0.02869368 0.28631113 -0.19141979
v -0.01719165 0.29956513 -0.18409868
v 0.04553151 0.27916596 -0.2676777
v 0.06991529 0.30361673 -0.16244263
v 0.05616235 0.27893361 -0.26520173
v -0.01719165 0.29956513 -0.18409868
v 0.05616235 0.27893361 -0.26520173
v 0.06991529 0.30361673 -0.16244263
v 0.08493447 0.29586682 -0.16533775
v 0.08493447 0.29586682 -0.16533775
v 0.04553151 0.27916596 -0.2676777
v 0.05616235 0.27893361 -0.26520173
v -0.02869368 0.28631113 -0.19141979
v -0.01719165 0.29956513 -0.18409868
v -0.06285548 0.26351773 -0.1230547
v -0.0509665 0.27370644 -0.11671777
v -0.02869368 0.28631113 -0.19141979
v -0.01719165 0.29956513 -0.18409868
v 0.06672239 0.28239221 -0.08633275
v 0.06991529 0.30361673 -0.16244263
v -0.0509665 0.27370644 -0.11671777
v 0.06991529 0.30361673 -0.16244263
v 0.08798742 0.27053371 -0.08555265
v 0.08493447 0.29586682 -0.16533775
v 0.06672239 0.28239221 -0.08633275
v 0.06672239 0.28239221 -0.08633275
v -0.00357366 0.23105722 -0.05239888
v 0.08798742 0.27053371 -0.08555265
v -0.00357366 0.23105722 -0.05239888
v -0.0509665 0.27370644 -0.11671777
v -0.06285548 0.26351773 -0.1230547
v -0.00357366 0.23105722 -0.05239888
v 0.06672239 0.28239221 -0.08633275
v -0.0509665 0.27370644 -0.11671777
v 0.08798742 0.27053371 -0.08555265
v -0.00357366 0.23105722 -0.05239888
v -0.06285548 0.26351773 -0.1230547
v 0.08493447 0.29586682 -0.16533775
v -0.06285548 0.26351773 -0.1230547
v -0.02869368 0.28631113 -0.19141979
v 0.08798742 0.27053371 -0.08555265
v -0.21896458 0.30776118 0.00423723
v -0.1427865 0.29973921 0.04766326
v -0.13656855 0.30626559 0.03481131
v -0.13934469 0.2923372 -0.03799481
v -0.21896458 0.30776118 0.00423723
v -0.13656855 0.30626559 0.03481131
v -0.21961355 0.30555709 -0.00447864
v -0.21961355 0.30555709 -0.00447864
v -0.13934469 0.2923372 -0.03799481
v -0.14694952 0.2854609 -0.04775472
v -0.14694952 0.2854609 -0.04775472
v -0.21896458 0.30776118 0.00423723
v -0.21961355 0.30555709 -0.00447864
v -0.1427865 0.29973921 0.04766326
v -0.13656855 0.30626559 0.03481131
v -0.08937764 0.26637059 0.06687216
v -0.08476758 0.27080721 0.05448131
v -0.1427865 0.29973921 0.04766326
v -0.08685565 0.2541014 -0.04470177
v -0.13656855 0.30626559 0.03481131
v -0.08476758 0.27080721 0.05448131
v -0.13934469 0.2923372 -0.03799481
v -0.09418463 0.24225102 -0.05920382
v -0.13934469 0.2923372 -0.03799481
v -0.08685565 0.2541014 -0.04470177
v -0.14694952 0.2854609 -0.04775472
v -0.08685565 0.2541014 -0.04470177
v -0.0582335 0.21357401 0.01435021
v -0.09418463 0.24225102 -0.05920382
v -0.0582335 0.21357401 0.01435021
v -0.08476758 0.27080721 0.05448131
v -0.08937764 0.26637059 0.06687216
v -0.0582335 0.21357401 0.01435021
v -0.08685565 0.2541014 -0.04470177
v -0.08476758 0.27080721 0.05448131
v -0.09418463 0.24225102 -0.05920382
v -0.0582335 0.21357401 0.01435021
v -0.08937764 0.26637059 0.06687216
v -0.1427865 0.29973921 0.04766326
v -0.14694952 0.2854609 -0.04775472
v -0.09418463 0.24225102 -0.05920382
v -0.08937764 0.26637059 0.06687216
v 0.0099864 -0.14729523 0.26912328
v -0.0170505 -0.09949463 0.26321813
v 0.01272035 -0.10042454 0.27167317
v 0.0099864 -0.14729523 0.26912328
v 0.03898048 -0.09018273 0.28273915
v 0.01328945 -0.09347394 0.2739391
v 0.00466633 -0.00321171 0.22953725
v -0.0170505 -0.09949463 0.26321813
v -0.05763459 0.00553515 0.23889611
v 0.01272035 -0.10042454 0.27167317
v 0.10242128 0.06814817 0.12149311
v 0.00466633 -0.00321171 0.22953725
v 0.0082593 0.04596904 0.10546518
v 0.07874942 0.00690105 0.24374414
v 0.10242128 0.06814817 0.12149311
v 0.0082593 0.04596904 0.10546518
v 0.04971242 0.05960684 0.05678822
v 0.01267648 0.0517407 0.02795721
v 0.01188946 0.06289296 0.02976514
v 0.04971242 0.05960684 0.05678822
v 0.01267648 0.0517407 0.02795721
v -0.0572505 0.0638874 0.10089613
v 0.01850033 0.06446008 0.11364222
v -0.01981068 0.05434733 0.0547452
v 0.01188946 0.06289296 0.02976514
v 0.01850033 0.06446008 0.11364222
v 0.06655645 0.02706578 0.24450421
v 0.0924375 0.07826213 0.11987021
v 0.01256347 0.01302984 0.2390492
v 0.03898048 -0.09018273 0.28273915
v 0.01256347 0.01302984 0.2390492
v 0.01328945 -0.09347394 0.2739391
v 0.06655645 0.02706578 0.24450421
v 0.01188946 0.06289296 0.02976514
v 0.01267648 0.0517407 0.02795721
v -0.01981068 0.05434733 0.0547452
v -0.01981068 0.05434733 0.0547452
v -0.08711552 0.03570609 0.09970523
v -0.0572505 0.0638874 0.10089613
v 0.01850033 0.06446008 0.11364222
v 0.04971242 0.05960684 0.05678822
v 0.01188946 0.06289296 0.02976514
v 0.0924375 0.07826213 0.11987021
v 0.04971242 0.05960684 0.05678822
v 0.0924375 0.07826213 0.11987021
v 0.10242128 0.06814817 0.12149311
v 0.0099864 -0.14729523 0.26912328
v 0.01272035 -0.10042454 0.27167317
v 0.04281449 -0.10035563 0.27628322
v 0.0099864 -0.14729523 0.26912328
v 0.04281449 -0.10035563 0.27628322
v 0.03898048 -0.09018273 0.28273915
v 0.0099864 -0.14729523 0.26912328
v 0.01328945 -0.09347394 0.2739391
v -0.01284766 -0.09355834 0.26975222
v 0.0099864 -0.14729523 0.26912328
v -0.01284766 -0.09355834 0.26975222
v -0.0170505 -0.09949463 0.26321813
v 0.04281449 -0.10035563 0.27628322
v 0.00466633 -0.00321171 0.22953725
v 0.07874942 0.00690105 0.24374414
v 0.01272035 -0.10042454 0.27167317
v 0.04281449 -0.10035563 0.27628322
v 0.07874942 0.00690105 0.24374414
v 0.03898048 -0.09018273 0.28273915
v 0.06655645 0.02706578 0.24450421
v 0.01256347 0.01302984 0.2390492
v -0.01284766 -0.09355834 0.26975222
v 0.01328945 -0.09347394 0.2739391
v -0.04227853 0.02781465 0.24936008
v 0.0082593 0.04596904 0.10546518
v -0.01981068 0.05434733 0.0547452
v 0.01267648 0.0517407 0.02795721
v -0.08711552 0.03570609 0.09970523
v -0.05763459 0.00553515 0.23889611
v -0.01284766 -0.09355834 0.26975222
v -0.04227853 0.02781465 0.24936008
v -0.0170505 -0.09949463 0.26321813
v 0.01850033 0.06446008 0.11364222
v -0.04227853 0.02781465 0.24936008
v 0.01256347 0.01302984 0.2390492
v -0.0572505 0.0638874 0.10089613
v 0.0082593 0.04596904 0.10546518
v -0.05763459 0.00553515 0.23889611
v -0.08711552 0.03570609 0.09970523
v 0.00466633 -0.00321171 0.22953725
v 0.07874942 0.00690105 0.24374414
v 0.10242128 0.06814817 0.12149311
v 0.06655645 0.02706578 0.24450421
v 0.0924375 0.07826213 0.11987021
v -0.0572505 0.0638874 0.10089613
v -0.05763459 0.00553515 0.23889611
v -0.04227853 0.02781465 0.24936008
v -0.08711552 0.03570609 0.09970523
v 0.25534439 0.26339297 0.04609518
v 0.23160528 0.2672744 0.06256728
v 0.23502945 0.27088851 0.04491429
v 0.25534439 0.26339297 0.04609518
v 0.23210549 0.28131401 0.03223924
v 0.23031735 0.27608359 0.04747133
v 0.16577339 0.27369559 0.04344229
v 0.23160528 0.2672744 0.06256728
v 0.16410851 0.27073281 0.0837212
v 0.23502945 0.27088851 0.04491429
v 0.16577339 0.27369559 0.04344229
v 0.09762549 0.2293586 0.03736428
v 0.1674385 0.27665859 0.00316434
v 0.0968244 0.23842522 -0.01441284
v 0.0732634 0.2180405 0.02015022
v 0.09762549 0.2293586 0.03736428
v 0.07555651 0.2101925 0.0326722
v 0.0968244 0.23842522 -0.01441284
v 0.0736494 0.21241151 0.03275732
v 0.0732634 0.2180405 0.02015022
v 0.07555651 0.2101925 0.0326722
v 0.09452033 0.2314507 0.03502015
v 0.07209849 0.21596767 0.04832915
v 0.08835244 0.23980247 0.08542113
v 0.0736494 0.21241151 0.03275732
v 0.15766739 0.28355652 0.01037435
v 0.09452033 0.2314507 0.03502015
v 0.16172742 0.27493641 0.04218225
v 0.08849549 0.2433606 -0.00491782
v 0.16172742 0.27493641 0.04218225
v 0.23210549 0.28131401 0.03223924
v 0.15766739 0.28355652 0.01037435
v 0.23031735 0.27608359 0.04747133
v 0.0736494 0.21241151 0.03275732
v 0.07555651 0.2101925 0.0326722
v 0.07209849 0.21596767 0.04832915
v 0.07209849 0.21596767 0.04832915
v 0.09565448 0.23016338 0.09449033
v 0.08835244 0.23980247 0.08542113
v 0.09452033 0.2314507 0.03502015
v 0.0732634 0.2180405 0.02015022
v 0.0736494 0.21241151 0.03275732
v 0.08849549 0.2433606 -0.00491782
v 0.0732634 0.2180405 0.02015022
v 0.08849549 0.2433606 -0.00491782
v 0.0968244 0.23842522 -0.01441284
v 0.25534439 0.26339297 0.04609518
v 0.23502945 0.27088851 0.04491429
v 0.23666429 0.27297251 0.02707629
v 0.25534439 0.26339297 0.04609518
v 0.23666429 0.27297251 0.02707629
v 0.23210549 0.28131401 0.03223924
v 0.25534439 0.26339297 0.04609518
v 0.23031735 0.27608359 0.04747133
v 0.22877932 0.27417259 0.06295732
v 0.25534439 0.26339297 0.04609518
v 0.22877932 0.27417259 0.06295732
v 0.23160528 0.2672744 0.06256728
v 0.23666429 0.27297251 0.02707629
v 0.16577339 0.27369559 0.04344229
v 0.1674385 0.27665859 0.00316434
v 0.23502945 0.27088851 0.04491429
v 0.15766739 0.28355652 0.01037435
v 0.23210549 0.28131401 0.03223924
v 0.1674385 0.27665859 0.00316434
v 0.23666429 0.27297251 0.02707629
v 0.15705633 0.2836911 0.07490734
v 0.22877932 0.27417259 0.06295732
v 0.16172742 0.27493641 0.04218225
v 0.23031735 0.27608359 0.04747133
v 0.07209849 0.21596767 0.04832915
v 0.07555651 0.2101925 0.0326722
v 0.09762549 0.2293586 0.03736428
v 0.09565448 0.23016338 0.09449033
v 0.22877932 0.27417259 0.06295732
v 0.16410851 0.27073281 0.0837212
v 0.23160528 0.2672744 0.06256728
v 0.15705633 0.2836911 0.07490734
v 0.09452033 0.2314507 0.03502015
v 0.15705633 0.2836911 0.07490734
v 0.16172742 0.27493641 0.04218225
v 0.08835244 0.23980247 0.08542113
v 0.09762549 0.2293586 0.03736428
v 0.16410851 0.27073281 0.0837212
v 0.09565448 0.23016338 0.09449033
v 0.16577339 0.27369559 0.04344229
v 0.1674385 0.27665859 0.00316434
v 0.0968244 0.23842522 -0.01441284
v 0.15766739 0.28355652 0.01037435
v 0.08849549 0.2433606 -0.00491782
v 0.09565448 0.23016338 0.09449033
v 0.15705633 0.2836911 0.07490734
v 0.08835244 0.23980247 0.08542113
v 0.16410851 0.27073281 0.0837212
v -0.24036265 -0.14545647 -0.13113573
v -0.20832156 -0.10013977 -0.16028787
v -0.23808861 -0.09344068 -0.14285185
v -0.24036265 -0.14545647 -0.13113573
v -0.26582049 -0.07565708 -0.1330588
v -0.23944664 -0.08581967 -0.14590884
v -0.23808861 -0.09344068 -0.14285185
v -0.20832156 -0.10013977 -0.16028787
v -0.14276457 0.00553999 -0.20064784
v -0.18347859 0.01408299 -0.14164781
v -0.15790272 0.12772065 0.0009742
v -0.18347859 0.01408299 -0.14164781
v -0.07614064 0.07817776 -0.0560088
v -0.25014854 0.04489239 -0.09617375
v -0.07614064 0.07817776 -0.0560088
v -0.06520962 0.10833412 0.01089932
v -0.15790272 0.12772065 0.0009742
v -0.01418066 0.09144359 0.00557114
v -0.01354861 0.10332948 0.00071718
v -0.06520962 0.10833412 0.01089932
v -0.01418066 0.09144359 0.00557114
v -0.01354861 0.10332948 0.00071718
v -0.01145554 0.08323462 -0.04152368
v -0.08816862 0.10073883 -0.0588467
v -0.02013063 0.07982404 -0.10919975
v -0.1951487 0.03342065 -0.14680385
v -0.14757657 0.13614231 -0.0082998
v -0.08816862 0.10073883 -0.0588467
v -0.23874068 0.06355006 -0.1115949
v -0.1951487 0.03342065 -0.14680385
v -0.26582049 -0.07565708 -0.1330588
v -0.23874068 0.06355006 -0.1115949
v -0.23944664 -0.08581967 -0.14590884
v -0.01354861 0.10332948 0.00071718
v -0.01418066 0.09144359 0.00557114
v -0.01145554 0.08323462 -0.04152368
v -0.01145554 0.08323462 -0.04152368
v -0.00035954 0.04061754 -0.12487888
v -0.02013063 0.07982404 -0.10919975
v -0.08816862 0.10073883 -0.0588467
v -0.06520962 0.10833412 0.01089932
v -0.01354861 0.10332948 0.00071718
v -0.14757657 0.13614231 -0.0082998
v -0.06520962 0.10833412 0.01089932
v -0.14757657 0.13614231 -0.0082998
v -0.15790272 0.12772065 0.0009742
v -0.24036265 -0.14545647 -0.13113573
v -0.23808861 -0.09344068 -0.14285185
v -0.26476264 -0.08527227 -0.1224587
v -0.24036265 -0.14545647 -0.13113573
v -0.26476264 -0.08527227 -0.1224587
v -0.26582049 -0.07565708 -0.1330588
v -0.24036265 -0.14545647 -0.13113573
v -0.23944664 -0.08581967 -0.14590884
v -0.21613264 -0.09292737 -0.1634729
v -0.24036265 -0.14545647 -0.13113573
v -0.21613264 -0.09292737 -0.1634729
v -0.20832156 -0.10013977 -0.16028787
v -0.18347859 0.01408299 -0.14164781
v -0.26476264 -0.08527227 -0.1224587
v -0.23808861 -0.09344068 -0.14285185
v -0.25014854 0.04489239 -0.09617375
v -0.26582049 -0.07565708 -0.1330588
v -0.25014854 0.04489239 -0.09617375
v -0.23874068 0.06355006 -0.1115949
v -0.26476264 -0.08527227 -0.1224587
v -0.23944664 -0.08581967 -0.14590884
v -0.16005659 0.03352365 -0.20213579
v -0.21613264 -0.09292737 -0.1634729
v -0.1951487 0.03342065 -0.14680385
v -0.01145554 0.08323462 -0.04152368
v -0.01418066 0.09144359 0.00557114
v -0.07614064 0.07817776 -0.0560088
v -0.00035954 0.04061754 -0.12487888
v -0.14276457 0.00553999 -0.20064784
v -0.21613264 -0.09292737 -0.1634729
v -0.16005659 0.03352365 -0.20213579
v -0.20832156 -0.10013977 -0.16028787
v -0.08816862 0.10073883 -0.0588467
v -0.16005659 0.03352365 -0.20213579
v -0.1951487 0.03342065 -0.14680385
v -0.02013063 0.07982404 -0.10919975
v -0.07614064 0.07817776 -0.0560088
v -0.14276457 0.00553999 -0.20064784
v -0.00035954 0.04061754 -0.12487888
v -0.18347859 0.01408299 -0.14164781
v -0.14757657 0.13614231 -0.0082998
v -0.25014854 0.04489239 -0.09617375
v -0.15790272 0.12772065 0.0009742
v -0.23874068 0.06355006 -0.1115949
v -0.02013063 0.07982404 -0.10919975
v -0.14276457 0.00553999 -0.20064784
v -0.16005659 0.03352365 -0.20213579
v -0.00035954 0.04061754 -0.12487888
v -0.25154566 -0.09758131 0.09432028
v -0.24768256 -0.0668718 0.06710123
v -0.24637054 -0.06738971 0.09299325
v -0.25154566 -0.09758131 0.09432028
v -0.25103069 -0.05561971 0.11287521
v -0.25046254 -0.05809921 0.09010719
v -0.24768256 -0.0668718 0.06710123
v -0.20325852 0.01917891 0.07702613
v -0.24637054 -0.06738971 0.09299325
v -0.21648954 0.01662617 0.02148819
v -0.10371256 0.07110433 0.05092526
v -0.19002771 0.02173165 0.13256526
v -0.20325852 0.01917891 0.07702613
v -0.09091067 0.08171754 0.12336732
v -0.06678057 0.09381752 0.06337119
v -0.09091067 0.08171754 0.12336732
v -0.10371256 0.07110433 0.05092526
v -0.06465053 0.08466225 0.04443027
v -0.06602263 0.08856397 0.04457714
v -0.06678057 0.09381752 0.06337119
v -0.06465053 0.08466225 0.04443027
v -0.07603765 0.09203129 0.02451517
v -0.10307359 0.07652478 0.05395818
v -0.06602263 0.08856397 0.04457714
v -0.13103365 0.08690268 -0.01240371
v -0.20147967 0.02507619 0.07804919
v -0.09537458 0.09481029 0.11009121
v -0.10307359 0.07652478 0.05395818
v -0.19482659 0.03812031 0.1226523
v -0.20147967 0.02507619 0.07804919
v -0.25103069 -0.05561971 0.11287521
v -0.19482659 0.03812031 0.1226523
v -0.25046254 -0.05809921 0.09010719
v -0.06602263 0.08856397 0.04457714
v -0.06465053 0.08466225 0.04443027
v -0.07603765 0.09203129 0.02451517
v -0.07603765 0.09203129 0.02451517
v -0.12859154 0.07057364 -0.02597283
v -0.13103365 0.08690268 -0.01240371
v -0.06678057 0.09381752 0.06337119
v -0.10307359 0.07652478 0.05395818
v -0.09537458 0.09481029 0.11009121
v -0.06602263 0.08856397 0.04457714
v -0.06678057 0.09381752 0.06337119
v -0.09537458 0.09481029 0.11009121
v -0.09091067 0.08171754 0.12336732
v -0.25154566 -0.09758131 0.09432028
v -0.24637054 -0.06738971 0.09299325
v -0.24200655 -0.06680482 0.11810825
v -0.25154566 -0.09758131 0.09432028
v -0.24200655 -0.06680482 0.11810825
v -0.25103069 -0.05561971 0.11287521
v -0.25154566 -0.09758131 0.09432028
v -0.25046254 -0.05809921 0.09010719
v -0.25405453 -0.05853501 0.06823514
v -0.25154566 -0.09758131 0.09432028
v -0.25405453 -0.05853501 0.06823514
v -0.24768256 -0.0668718 0.06710123
v -0.19002771 0.02173165 0.13256526
v -0.24200655 -0.06680482 0.11810825
v -0.20325852 0.01917891 0.07702613
v -0.24637054 -0.06738971 0.09299325
v -0.25103069 -0.05561971 0.11287521
v -0.19002771 0.02173165 0.13256526
v -0.19482659 0.03812031 0.1226523
v -0.24200655 -0.06680482 0.11810825
v -0.25405453 -0.05853501 0.06823514
v -0.20147967 0.02507619 0.07804919
v -0.22309159 0.03499895 0.03595329
v -0.25046254 -0.05809921 0.09010719
v -0.10371256 0.07110433 0.05092526
v -0.12859154 0.07057364 -0.02597283
v -0.07603765 0.09203129 0.02451517
v -0.06465053 0.08466225 0.04443027
v -0.25405453 -0.05853501 0.06823514
v -0.21648954 0.01662617 0.02148819
v -0.24768256 -0.0668718 0.06710123
v -0.22309159 0.03499895 0.03595329
v -0.20147967 0.02507619 0.07804919
v -0.13103365 0.08690268 -0.01240371
v -0.22309159 0.03499895 0.03595329
v -0.10307359 0.07652478 0.05395818
v -0.21648954 0.01662617 0.02148819
v -0.10371256 0.07110433 0.05092526
v -0.20325852 0.01917891 0.07702613
v -0.12859154 0.07057364 -0.02597283
v -0.19482659 0.03812031 0.1226523
v -0.09091067 0.08171754 0.12336732
v -0.09537458 0.09481029 0.11009121
v -0.19002771 0.02173165 0.13256526
v -0.22309159 0.03499895 0.03595329
v -0.12859154 0.07057364 -0.02597283
v -0.21648954 0.01662617 0.02148819
v -0.13103365 0.08690268 -0.01240371
v -0.12495971 0.08149864 0.26009726
v -0.13647556 0.10781289 0.23114731
v -0.11710167 0.10816933 0.24796415
v -0.12495971 0.08149864 0.26009726
v -0.10376072 0.12161685 0.26156619
v -0.12019348 0.11801625 0.24637415
v -0.13647556 0.10781289 0.23114731
v -0.08476066 0.17530707 0.18589833
v -0.11710167 0.10816933 0.24796415
v -0.13380765 0.17432767 0.15777733
v -0.08476066 0.17530707 0.18589833
v -0.02889252 0.19197758 0.08787611
v -0.03571272 0.17628648 0.21402026
v 0.03346634 0.20146998 0.12568524
v 0.00835538 0.20246608 0.06563929
v -0.02889252 0.19197758 0.08787611
v -0.0054996 0.19230089 0.05370524
v 0.03346634 0.20146998 0.12568524
v -0.00559354 0.19639469 0.05372718
v 0.00835538 0.20246608 0.06563929
v -0.0054996 0.19230089 0.05370524
v -0.02595854 0.20178088 0.04596428
v -0.02532053 0.19701339 0.08811215
v -0.00559354 0.19639469 0.05372718
v -0.0894885 0.21220587 0.05923919
v -0.02532053 0.19701339 0.08811215
v -0.04304457 0.19267467 0.20631529
v 0.02334642 0.21449949 0.11632113
v -0.0818007 0.18034077 0.1838813
v -0.10376072 0.12161685 0.26156619
v -0.0818007 0.18034077 0.1838813
v -0.12019348 0.11801625 0.24637415
v -0.04304457 0.19267467 0.20631529
v -0.00559354 0.19639469 0.05372718
v -0.0054996 0.19230089 0.05370524
v -0.02595854 0.20178088 0.04596428
v -0.02595854 0.20178088 0.04596428
v -0.10056662 0.19547008 0.05258229
v -0.0894885 0.21220587 0.05923919
v -0.02532053 0.19701339 0.08811215
v 0.00835538 0.20246608 0.06563929
v -0.00559354 0.19639469 0.05372718
v 0.02334642 0.21449949 0.11632113
v 0.00835538 0.20246608 0.06563929
v 0.02334642 0.21449949 0.11632113
v 0.03346634 0.20146998 0.12568524
v -0.12495971 0.08149864 0.26009726
v -0.11710167 0.10816933 0.24796415
v -0.0960865 0.10857894 0.26191618
v -0.12495971 0.08149864 0.26009726
v -0.0960865 0.10857894 0.26191618
v -0.10376072 0.12161685 0.26156619
v -0.12495971 0.08149864 0.26009726
v -0.12019348 0.11801625 0.24637415
v -0.13834452 0.11766388 0.23406412
v -0.12495971 0.08149864 0.26009726
v -0.13834452 0.11766388 0.23406412
v -0.13647556 0.10781289 0.23114731
v -0.0960865 0.10857894 0.26191618
v -0.08476066 0.17530707 0.18589833
v -0.03571272 0.17628648 0.21402026
v -0.11710167 0.10816933 0.24796415
v -0.10376072 0.12161685 0.26156619
v -0.03571272 0.17628648 0.21402026
v -0.04304457 0.19267467 0.20631529
v -0.0960865 0.10857894 0.26191618
v -0.12444758 0.19431167 0.16731622
v -0.13834452 0.11766388 0.23406412
v -0.0818007 0.18034077 0.1838813
v -0.12019348 0.11801625 0.24637415
v -0.02595854 0.20178088 0.04596428
v -0.0054996 0.19230089 0.05370524
v -0.02889252 0.19197758 0.08787611
v -0.10056662 0.19547008 0.05258229
v -0.13380765 0.17432767 0.15777733
v -0.13834452 0.11766388 0.23406412
v -0.12444758 0.19431167 0.16731622
v -0.13647556 0.10781289 0.23114731
v -0.0894885 0.21220587 0.05923919
v -0.12444758 0.19431167 0.16731622
v -0.0818007 0.18034077 0.1838813
v -0.02532053 0.19701339 0.08811215
v -0.02889252 0.19197758 0.08787611
v -0.13380765 0.17432767 0.15777733
v -0.10056662 0.19547008 0.05258229
v -0.08476066 0.17530707 0.18589833
v 0.03346634 0.20146998 0.12568524
v -0.04304457 0.19267467 0.20631529
v -0.03571272 0.17628648 0.21402026
v 0.02334642 0.21449949 0.11632113
v -0.0894885 0.21220587 0.05923919
v -0.13380765 0.17432767 0.15777733
v -0.12444758 0.19431167 0.16731622
v -0.10056662 0.19547008 0.05258229
v 0.30442427 -0.00289723 0.1638081
v 0.26679945 0.0264037 0.17589211
v 0.28793239 0.02804974 0.1533413
v 0.30442427 -0.00289723 0.1638081
v 0.30378436 0.04524188 0.13770223
v 0.28502536 0.03979734 0.15683818
v 0.26679945 0.0264037 0.17589211
v 0.20913242 0.10307722 0.11034633
v 0.28793239 0.02804974 0.1533413
v 0.17301249 0.10006574 0.16813232
v 0.09258031 0.11399465 0.03806116
v 0.24525332 0.10608844 0.05256011
v 0.20913242 0.10307722 0.11034633
v 0.14026737 0.12792355 -0.03543685
v 0.09258031 0.11399465 0.03806116
v 0.0667634 0.12424284 -0.00805972
v 0.14026737 0.12792355 -0.03543685
v 0.05261135 0.11115008 0.00822832
v 0.05228233 0.11607867 0.00827815
v 0.0667634 0.12424284 -0.00805972
v 0.05261135 0.11115008 0.00822832
v 0.0926063 0.12003069 0.03369023
v 0.04149342 0.12213592 0.0323682
v 0.0534575 0.13659528 0.10941221
v 0.05228233 0.11607867 0.00827815
v 0.23422742 0.12523011 0.06077315
v 0.0926063 0.12003069 0.03369023
v 0.20642041 0.10892348 0.10660411
v 0.12739849 0.14291459 -0.02389071
v 0.30378436 0.04524188 0.13770223
v 0.20642041 0.10892348 0.10660411
v 0.28502536 0.03979734 0.15683818
v 0.23422742 0.12523011 0.06077315
v 0.05228233 0.11607867 0.00827815
v 0.05261135 0.11115008 0.00822832
v 0.04149342 0.12213592 0.0323682
v 0.04149342 0.12213592 0.0323682
v 0.04634833 0.11601928 0.12270619
v 0.0534575 0.13659528 0.10941221
v 0.0667634 0.12424284 -0.00805972
v 0.0926063 0.12003069 0.03369023
v 0.12739849 0.14291459 -0.02389071
v 0.05228233 0.11607867 0.00827815
v 0.0667634 0.12424284 -0.00805972
v 0.12739849 0.14291459 -0.02389071
v 0.14026737 0.12792355 -0.03543685
v 0.30442427 -0.00289723 0.1638081
v 0.28793239 0.02804974 0.1533413
v 0.30569839 0.02949194 0.12867331
v 0.30442427 -0.00289723 0.1638081
v 0.30569839 0.02949194 0.12867331
v 0.30378436 0.04524188 0.13770223
v 0.30442427 -0.00289723 0.1638081
v 0.28502536 0.03979734 0.15683818
v 0.26937032 0.03853086 0.17813229
v 0.30442427 -0.00289723 0.1638081
v 0.26937032 0.03853086 0.17813229
v 0.26679945 0.0264037 0.17589211
v 0.20913242 0.10307722 0.11034633
v 0.30569839 0.02949194 0.12867331
v 0.28793239 0.02804974 0.1533413
v 0.24525332 0.10608844 0.05256011
v 0.23422742 0.12523011 0.06077315
v 0.30378436 0.04524188 0.13770223
v 0.24525332 0.10608844 0.05256011
v 0.30569839 0.02949194 0.12867331
v 0.20642041 0.10892348 0.10660411
v 0.26937032 0.03853086 0.17813229
v 0.28502536 0.03979734 0.15683818
v 0.18322443 0.12481979 0.15699531
v 0.09258031 0.11399465 0.03806116
v 0.04634833 0.11601928 0.12270619
v 0.04149342 0.12213592 0.0323682
v 0.05261135 0.11115008 0.00822832
v 0.17301249 0.10006574 0.16813232
v 0.26937032 0.03853086 0.17813229
v 0.18322443 0.12481979 0.15699531
v 0.26679945 0.0264037 0.17589211
v 0.20642041 0.10892348 0.10660411
v 0.0534575 0.13659528 0.10941221
v 0.18322443 0.12481979 0.15699531
v 0.0926063 0.12003069 0.03369023
v 0.17301249 0.10006574 0.16813232
v 0.09258031 0.11399465 0.03806116
v 0.20913242 0.10307722 0.11034633
v 0.04634833 0.11601928 0.12270619
v 0.24525332 0.10608844 0.05256011
v 0.14026737 0.12792355 -0.03543685
v 0.23422742 0.12523011 0.06077315
v 0.12739849 0.14291459 -0.02389071
v 0.17301249 0.10006574 0.16813232
v 0.0534575 0.13659528 0.10941221
v 0.04634833 0.11601928 0.12270619
v 0.18322443 0.12481979 0.15699531
v -0.04111957 -0.19109856 -0.24443174
v -0.01586866 -0.15905175 -0.23857477
v -0.0416975 -0.16074745 -0.24012379
v -0.04111957 -0.19109856 -0.24443174
v -0.06142568 -0.15005486 -0.24733784
v -0.03877759 -0.15144744 -0.24417095
v -0.01586866 -0.15905175 -0.23857477
v -0.03445268 -0.07237715 -0.19833972
v -0.0416975 -0.16074745 -0.24012379
v 0.02227831 -0.07268347 -0.20524671
v -0.0219655 -0.01657836 -0.09825182
v -0.09118271 -0.07207097 -0.19143273
v -0.03445268 -0.07237715 -0.19833972
v -0.09577965 -0.00902812 -0.09390569
v -0.03945255 0.00652845 -0.0636828
v -0.09577965 -0.00902812 -0.09390569
v -0.0219655 -0.01657836 -0.09825182
v -0.02048969 -0.00166648 -0.05917191
v -0.02065158 0.00218494 -0.06067777
v -0.03945255 0.00652845 -0.0636828
v -0.02048969 -0.00166648 -0.05917191
v -0.02528453 -0.01129071 -0.09812879
v 0.00023651 0.00631411 -0.06851482
v 0.04327941 0.00141866 -0.1188867
v -0.02065158 0.00218494 -0.06067777
v -0.08267069 0.00454576 -0.0972948
v -0.03592372 -0.06648797 -0.19687773
v -0.08151769 -0.05537306 -0.19563271
v -0.02528453 -0.01129071 -0.09812879
v -0.03592372 -0.06648797 -0.19687773
v -0.06142568 -0.15005486 -0.24733784
v -0.08151769 -0.05537306 -0.19563271
v -0.03877759 -0.15144744 -0.24417095
v -0.02065158 0.00218494 -0.06067777
v -0.02048969 -0.00166648 -0.05917191
v 0.00023651 0.00631411 -0.06851482
v 0.00023651 0.00631411 -0.06851482
v 0.05718637 -0.01418297 -0.1144278
v 0.04327941 0.00141866 -0.1188867
v -0.03945255 0.00652845 -0.0636828
v -0.02528453 -0.01129071 -0.09812879
v -0.08267069 0.00454576 -0.0972948
v -0.02065158 0.00218494 -0.06067777
v -0.03945255 0.00652845 -0.0636828
v -0.08267069 0.00454576 -0.0972948
v -0.09577965 -0.00902812 -0.09390569
v -0.04111957 -0.19109856 -0.24443174
v -0.0416975 -0.16074745 -0.24012379
v -0.06714559 -0.16122185 -0.23858979
v -0.04111957 -0.19109856 -0.24443174
v -0.06714559 -0.16122185 -0.23858979
v -0.06142568 -0.15005486 -0.24733784
v -0.04111957 -0.19109856 -0.24443174
v -0.03877759 -0.15144744 -0.24417095
v -0.01664352 -0.15095505 -0.2453008
v -0.04111957 -0.19109856 -0.24443174
v -0.01664352 -0.15095505 -0.2453008
v -0.01586866 -0.15905175 -0.23857477
v -0.03445268 -0.07237715 -0.19833972
v -0.06714559 -0.16122185 -0.23858979
v -0.0416975 -0.16074745 -0.24012379
v -0.09118271 -0.07207097 -0.19143273
v -0.08151769 -0.05537306 -0.19563271
v -0.06142568 -0.15005486 -0.24733784
v -0.09118271 -0.07207097 -0.19143273
v -0.06714559 -0.16122185 -0.23858979
v -0.01664352 -0.15095505 -0.2453008
v -0.03592372 -0.06648797 -0.19687773
v 0.00785732 -0.05519716 -0.21400287
v -0.03877759 -0.15144744 -0.24417095
v 0.00023651 0.00631411 -0.06851482
v -0.0219655 -0.01657836 -0.09825182
v 0.05718637 -0.01418297 -0.1144278
v -0.02048969 -0.00166648 -0.05917191
v 0.02227831 -0.07268347 -0.20524671
v -0.01664352 -0.15095505 -0.2453008
v 0.00785732 -0.05519716 -0.21400287
v -0.01586866 -0.15905175 -0.23857477
v 0.04327941 0.00141866 -0.1188867
v -0.03592372 -0.06648797 -0.19687773
v -0.02528453 -0.01129071 -0.09812879
v 0.00785732 -0.05519716 -0.21400287
v 0.02227831 -0.07268347 -0.20524671
v -0.0219655 -0.01657836 -0.09825182
v -0.03445268 -0.07237715 -0.19833972
v 0.05718637 -0.01418297 -0.1144278
v -0.09577965 -0.00902812 -0.09390569
v -0.08151769 -0.05537306 -0.19563271
v -0.09118271 -0.07207097 -0.19143273
v -0.08267069 0.00454576 -0.0972948
v 0.00785732 -0.05519716 -0.21400287
v 0.05718637 -0.01418297 -0.1144278
v 0.02227831 -0.07268347 -0.20524671
v 0.04327941 0.00141866 -0.1188867
vn -0.58715 0.7652 -0.26406
vn -0.24626 0.93781 0.24468
vn 0.14821 0.94931 0.2772
vn 0.31911 -0.89641 -0.30759
vn -0.85236 0.5181 0.07104
vn -0.45201 0.6335 0.62799
vn 0.15056 0.67503 0.72227
vn -0.07963 -0.11796 0.98982
vn -0.80509 -0.20326 0.55724
vn -0.52211 0.24359 0.81735
vn 0.4881 -0.40246 -0.77446
vn 0.44984 -0.63174 -0.63131
vn -0.96527 -0.05688 0.25498
vn 0.97714 0.03115 -0.21032
vn -0.75341 -0.37996 0.53665
vn -0.34437 -0.93835 0.03013
vn -0.07211 -0.98899 -0.12919
vn -0.99322 0.05721 -0.10124
vn -0.15116 0.98446 0.08941
vn 0.31164 0.94991 -0.02356
vn 0.8667 0.41092 -0.2828
vn -0.35192 0.08828 0.93186
vn -0.27838 0.61749 0.73567
vn -0.17845 0.982 0.06185
vn -0.8679 0.41977 -0.26561
vn -0.92684 -0.0382 0.3735
vn 0.57205 -0.36709 -0.73348
vn 0.93101 0.00532 -0.36495
vn 0.95725 -0.1757 0.22978
vn -0.84202 -0.43976 0.31245
vn 0.41013 0.10201 -0.9063
vn 0.73666 0.30185 -0.60516
vn -0.06085 -0.99162 0.11394
vn 0.98766 0.0763 0.13677
vn 0.1042 0.95334 -0.28336
vn -0.14436 -0.97071 0.19204
vn -0.09013 0.50148 -0.86046
vn 0.53084 0.69768 0.48108
vn -0.02815 -0.74577 0.66561
vn 0.08102 0.62842 -0.77364
vn 0.01883 -0.909 0.41636
vn -0.17657 -0.9729 -0.14931
vn -0.31204 -0.9404 -0.13517
vn 0.06947 -0.33254 0.94053
vn -0.06937 0.91715 0.39246
vn 0.3703 0.92223 0.11125
vn 0.17651 0.91339 -0.36684
vn 0.38778 -0.35517 0.85058
vn 0.7595 0.11449 0.64036
vn 0.42862 0.86972 0.24469
vn -0.30457 0.14241 0.94178
vn 0.08135 -0.75957 0.64531
vn -0.64699 0.34105 -0.68198
vn -0.10107 0.66869 -0.73664
vn 0.53141 -0.02383 -0.84678
vn 0.03688 -0.92446 0.37949
vn -0.75424 0.61722 -0.22395
vn -0.25173 0.91317 -0.32055
vn 0.03901 -0.97858 -0.20212
vn 0.65798 0.35943 -0.66172
vn -0.13875 0.94855 0.28461
vn -0.07823 -0.97854 -0.19062
vn -0.66888 0.71232 0.21259
vn 0.7814 0.55663 -0.2821
vn -0.47491 0.70389 -0.5282
vn 0.01887 0.97291 -0.23042
vn 0.40151 0.87687 -0.26436
vn 0.0407 -0.9885 0.14564
vn -0.68172 0.72716 -0.08056
vn -0.13001 0.95153 0.27873
vn 0.47135 0.84495 0.25276
vn 0.17195 0.36845 0.9136
vn -0.6461 0.32414 0.69101
vn -0.22086 0.72999 0.64679
vn 0.16937 -0.83394 -0.52523
vn 0.12741 -0.95088 -0.28214
vn -0.13109 0.9081 0.39771
vn 0.0848 0.97676 -0.19685
vn -0.08244 0.84381 -0.53027
vn -0.18334 -0.96962 0.16194
vn 0.34093 0.80002 0.49369
vn 0.58286 0.79698 -0.15844
vn 0.35859 0.61915 -0.69862
vn 0.89645 -0.01233 -0.44297
vn 0.90863 0.14724 0.39078
vn 0.87475 0.4745 -0.09834
vn -0.78182 -0.60622 0.14578
vn -0.58503 -0.79477 0.16147
vn 0.27407 0.0363 -0.96103
vn -0.31586 -0.06531 0.94655
vn -0.04305 -0.32122 -0.94603
vn 0.23929 -0.8956 -0.37502
vn 0.24346 -0.96781 -0.06382
vn 0.58261 0.16996 -0.79478
vn -0.0962 0.98956 -0.10734
vn -0.22954 0.91032 0.34442
vn -0.23491 0.3273 0.91525
vn -0.63025 0.0807 -0.77219
vn -0.55061 0.6077 -0.5723
vn -0.05855 0.99143 -0.11677
vn 0.62506 0.52421 -0.57837
vn 0.15117 0.0449 -0.98749
vn 0.37621 -0.39122 0.83989
vn -0.15744 -0.07842 0.98441
vn -0.66324 -0.2899 0.68998
vn 0.19979 -0.36006 -0.91129
vn 0.5605 0.10058 0.82203
vn 0.11787 0.24882 0.96135
vn 0.02949 -0.98345 -0.17877
vn -0.62327 -0.03849 0.78106
vn 0.09768 0.94894 0.29997
vn 0.00261 -0.95738 -0.28883
vn 0.73476 0.54949 0.39774
vn -0.74849 0.61153 0.2565
vn -0.32241 -0.91313 -0.24948
vn 0.44043 0.83198 0.33739
vn -0.06239 -0.99105 -0.11799
vn 0.52175 -0.84652 -0.10573
vn 0.54248 -0.80564 -0.23804
vn -0.73773 -0.62451 -0.25643
vn -0.73773 -0.62451 -0.25643
vn -0.73773 -0.62451 -0.25643
vn -0.63651 0.74255 -0.2085
vn -0.53424 0.78988 0.30112
vn -0.04663 0.95763 0.28422
vn -0.75494 -0.65165 0.07363
vn -0.85169 -0.18325 0.49097
vn -0.65294 0.69093 0.31029
vn -0.77892 -0.13725 -0.61192
vn -0.33561 -0.9316 -0.1396
vn 0.6959 0.61244 -0.37502
vn 0.4536 0.87791 0.15338
vn 0.58047 0.19307 0.79106
vn -0.03052 -0.99564 -0.0882
vn 0.23304 0.73558 -0.63609
vn 0.0527 0.98962 -0.13369
vn 0.49972 -0.85853 0.11489
vn 0.24506 0.47941 0.84268
vn -0.52953 0.8146 -0.23668
vn 0.52792 -0.84929 0.00089
vn -0.212 0.67431 -0.70736
vn -0.19717 0.52831 0.82584
vn 0.52588 0.16495 0.83441
vn -0.49086 -0.20238 -0.84741
vn 0.6835 -0.25997 0.68209
vn 0.00602 -0.78261 0.62248
vn -0.23377 -0.87154 0.43101
vn 0.21385 0.35956 0.90829
vn 0.26344 0.94 -0.21679
vn 0.01169 0.80123 -0.59825
vn -0.47429 0.19924 -0.85753
vn 0.99766 -0.02752 0.06253
vn 0.86193 0.48869 -0.13512
vn 0.24541 0.95172 -0.18442
vn 0.06985 0.69856 0.71213
vn 0.62855 0.14465 0.7642
vn -0.91517 -0.33976 -0.21686
vn -0.62619 -0.1784 -0.75899
vn -0.09769 -0.48866 -0.86699
vn 0.49088 -0.23983 0.83757
vn -0.9655 0.18239 -0.18586
vn -0.7536 0.20745 -0.62374
vn -0.00826 -0.93204 0.36227
vn -0.16062 -0.24162 -0.95699
vn -0.16987 0.92221 -0.34737
vn 0.0936 -0.90634 0.41205
vn -0.7163 0.6869 0.12281
vn 0.38693 0.38992 -0.83561
vn 0.98383 -0.17098 -0.05327
vn -0.99932 0.02447 -0.0276
vn 0.88572 -0.44028 -0.14718
vn 0.48945 -0.87197 -0.00986
vn 0.48729 -0.86352 0.1299
vn 0.94128 0.33309 -0.05515
vn -0.25164 0.93227 0.25992
vn -0.49782 0.84574 -0.1921
vn -0.85909 0.51026 -0.03998
vn 0.86868 0.31973 -0.37839
vn 0.39603 0.62117 -0.67624
vn -0.3634 0.8979 -0.24842
vn 0.66868 0.6294 0.39588
vn 0.97094 -0.17367 -0.16467
vn -0.7145 -0.27559 0.64307
vn -0.98596 0.04423 0.16104
vn -0.67803 -0.43794 -0.59033
vn 0.86531 -0.47138 -0.17043
vn -0.5185 0.19711 0.83205
vn -0.80135 0.45884 0.38379
vn 0.44072 -0.86861 -0.22645
vn -0.77431 -0.00656 -0.63277
vn -0.35241 0.87748 0.32532
vn 0.45555 -0.88332 -0.11052
vn -0.23763 0.55331 0.79836
vn -0.60292 0.40035 -0.69008
vn 0.58267 -0.47249 -0.66125
vn -0.67822 0.33442 0.65435
vn 0.40058 -0.70183 -0.58904
vn 0.15928 -0.9807 -0.11338
vn 0.26088 -0.9652 -0.01827
vn 0.64452 0.01889 -0.76435
vn 0.19095 0.9757 0.10747
vn -0.31626 0.94859 -0.0126
vn -0.50614 0.75077 0.42445
vn 0.35921 0.01324 -0.93316
vn -0.11589 0.4324 -0.8942
vn -0.25857 0.95328 -0.15618
vn 0.84501 0.4072 -0.34662
vn 0.49272 -0.47643 -0.72817
vn -0.05672 -0.00658 0.99837
vn -0.5288 0.35818 0.76946
vn -0.95773 -0.23205 0.17004
vn 0.36452 -0.72608 -0.58304
vn 0.29617 0.38973 0.872
vn -0.16945 0.70459 0.68909
vn -0.02972 -0.97282 -0.22963
vn -0.97416 0.20516 0.09446
vn 0.16169 0.95844 0.23505
vn 0.06163 -0.98577 -0.1564
vn 0.52256 0.63811 0.56547
vn -0.82836 0.53473 -0.16702
vn -0.60185 -0.52443 -0.60229
vn 0.60093 0.3872 0.69926
vn -0.52095 -0.74618 -0.41452
vn -0.03682 -0.98785 -0.15097
vn 0.06097 -0.96661 -0.24891
vn -0.73707 -0.04239 -0.67448
vn 0.04547 0.97892 -0.19912
vn -0.09281 0.94839 0.30323
vn 0.34916 0.78427 0.51284
vn -0.91644 -0.05718 -0.39606
vn -0.92664 0.36845 0.07475
vn -0.2339 0.94221 0.23984
vn -0.3402 0.37285 -0.86327
vn -0.6719 -0.53225 -0.51503
vn 0.99319 0.06546 0.09636
vn 0.72004 0.41763 0.5542
vn 0.14711 -0.20974 0.96663
vn -0.5147 -0.76957 -0.37794
vn 0.85336 0.44812 -0.2664
vn 0.62982 0.75377 0.18751
vn -0.16089 -0.98642 0.03315
vn 0.04011 0.22116 0.97441
vn 0.17266 0.97113 -0.16461
vn -0.08329 -0.995 -0.05505
vn 0.53936 0.67163 -0.50794
vn -0.238 0.52971 0.8141
vn -0.05002 -0.14129 0.9887
vn 0.13838 -0.00166 -0.99038
vn 0.06596 -0.40847 0.91039
vn -0.00712 -0.85682 0.51556
vn -0.14599 -0.855 0.49766
vn -0.06529 0.36098 0.93028
vn -0.27042 0.91181 -0.309
vn 0.2097 0.83987 -0.50065
vn 0.11379 0.48787 -0.86547
vn 0.26425 0.36081 0.89442
vn 0.59987 0.6628 0.44817
vn 0.24826 0.89828 -0.36257
vn -0.4954 0.62822 0.59993
vn 0.06217 -0.1391 0.98833
vn -0.5463 -0.32494 -0.77199
vn -0.05119 0.00959 -0.99864
vn 0.68115 -0.42817 -0.59389
vn 0.09269 -0.43899 0.8937
vn -0.77646 0.14359 -0.61359
vn -0.31111 0.41822 -0.8534
vn 0.21321 -0.84464 0.49105
vn 0.71527 0.00194 -0.69884
vn -0.32165 0.85128 -0.41456
vn 0.09711 -0.86436 0.4934
vn -0.79004 0.50851 -0.34243
vn 0.73524 0.41562 -0.53543
vt 0.35052 0.24737
vt 0.34959 0.24053
vt 0.3484 0.24082
vt 0.17357 0.29969
vt 0.16908 0.30339
vt 0.17512 0.30672
vt 0.17565 0.30626
vt 0.09805 0.41198
vt 0.09222 0.40829
vt 0.09178 0.40931
vt -0.16272 0.27304
vt -0.16213 0.26577
vt -0.16325 0.27258
vt -0.15634 0.27065
vt 0.30229 0.0843
vt 0.3025 0.07885
vt 0.30148 0.07921
vt 0.30346 0.08392
vt 0.04532 0.12193
vt 0.0394 0.12713
vt 0.04341 0.1303
vt 0.04778 0.12646
vt -0.09936 0.33494
vt -0.10282 0.3309
vt -0.10393 0.33203
vt -0.09875 0.334
vt -0.31547 0.13552
vt -0.31834 0.1302
vt -0.31648 0.13674
vt -0.11084 -0.2771
vt -0.10499 -0.27737
vt -0.10465 -0.27841
vt -0.09821 -0.02254
vt -0.09735 -0.01655
vt -0.09235 -0.02265
vt 0.049 0.04023
vt 0.04834 0.03346
vt 0.04203 0.03296
vt -0.04112 0.13103
vt -0.04418 0.12133
vt -0.04666 0.12586
vt -0.03663 0.12799
vt 0.3008 -0.20155
vt 0.29783 -0.19765
vt 0.30056 -0.19738
vt -0.33072 -0.16048
vt -0.33238 -0.15491
vt -0.33009 -0.15572
vt -0.33513 -0.19611
vt -0.34435 -0.19535
vt -0.33538 -0.19052
vt -0.34434 -0.19798
vt -0.18262 0.44863
vt -0.17439 0.46045
vt -0.17392 0.44862
vt -0.18113 0.46086
vt -0.1669 0.398
vt -0.1582 0.39773
vt -0.16145 0.39293
vt -0.15778 0.39084
vt 0.4072 0.06928
vt 0.41066 0.07155
vt 0.40778 0.06846
vt 0.20179 0.33876
vt 0.20857 0.33858
vt 0.2042 0.33405
vt 0.20663 0.3314
vt 0.17929 0.44366
vt 0.18458 0.45532
vt 0.18597 0.44323
vt 0.17963 0.45569
vt -0.43014 -0.00744
vt -0.43973 -0.01097
vt -0.43202 -0.00284
vt -0.4384 -0.01298
vt -0.23143 0.01332
vt -0.23224 0.01272
vt -0.23377 0.01614
vt -0.04806 0.15881
vt -0.05396 0.16324
vt -0.05034 0.16364
vt 0.22844 0.33118
vt 0.22351 0.32632
vt 0.22182 0.33184
vt 0.21979 0.3247
vt 0.39698 0.1458
vt 0.40114 0.15138
vt 0.40234 0.15096
vt 0.18142 -0.26998
vt 0.18242 -0.26593
vt 0.18508 -0.2664
vt 0.05172 -0.02953
vt 0.04688 -0.02784
vt 0.04661 -0.02675
vt -0.19328 -0.25216
vt -0.19436 -0.24748
vt -0.19203 -0.24713
vt -0.43022 0.12183
vt -0.4259 0.12469
vt -0.42574 0.12383
vt -0.40128 0.17023
vt -0.4021 0.18166
vt -0.39601 0.17445
vt -0.40438 0.18021
vt 0.29191 -0.02034
vt 0.30312 -0.02064
vt 0.29327 -0.0219
vt 0.3037 -0.02152
vt 0.27815 -0.21606
vt 0.28767 -0.22198
vt 0.27761 -0.22111
vt 0.28706 -0.22416
vt -0.25534 0.38658
vt -0.247 0.38818
vt -0.25188 0.3827
vt -0.25414 0.37982
vt -0.42703 0.12353
vt -0.43675 0.12107
vt -0.4267 0.12608
vt -0.4367 0.12023
vt 0.31817 0.37947
vt 0.31462 0.36801
vt 0.30799 0.3692
vt 0.31361 0.38157
vt -0.2765 0.3912
vt -0.27407 0.40467
vt -0.26827 0.39318
vt -0.27926 0.40268
vt 0.42963 0.21228
vt 0.42162 0.20293
vt 0.42775 0.21317
vt 0.42047 0.20342
vt -0.15402 0.4351
vt -0.16013 0.44691
vt -0.15791 0.44815
vt -0.15755 0.43427
vt -0.42926 0.24191
vt -0.42694 0.24526
vt -0.42635 0.24277
vt 0.43223 0.18966
vt 0.4277 0.18938
vt 0.42871 0.19141
vt -0.38066 0.32069
vt -0.37105 0.31998
vt -0.38057 0.31813
vt -0.37203 0.32555
vt -0.13707 0.41981
vt -0.14925 0.41612
vt -0.14831 0.42168
vt -0.13832 0.41257
vt -0.11074 0.44811
vt -0.10736 0.44519
vt -0.11226 0.44094
vt -0.10678 0.44709
vt -0.39108 0.17977
vt -0.3897 0.17841
vt -0.39144 0.17957
vt 0.08627 0.33205
vt 0.08223 0.33337
vt 0.0853 0.33918
vt 0.08241 0.33113
vt 0.11688 0.45579
vt 0.1051 0.45787
vt 0.11606 0.46037
vt 0.10611 0.45207
vt 0.36006 0.3416
vt 0.35061 0.3448
vt 0.36019 0.34386
vt 0.34928 0.34035
vt -0.40842 0.2429
vt -0.40879 0.24272
vt -0.40884 0.24511
vt -0.37822 0.30628
vt -0.3808 0.31334
vt -0.37875 0.31283
vt 0.01983 0.46408
vt 0.01694 0.46119
vt 0.01604 0.4629
vt 0.02164 0.45847
vt -0.21707 0.04576
vt -0.21218 0.04341
vt -0.21214 0.04151
vt -0.42693 0.25682
vt -0.42401 0.25763
vt -0.42332 0.2552
vt 0.43056 0.25519
vt 0.42688 0.25371
vt 0.42602 0.25496
vt 0.43296 0.2325
vt 0.42937 0.23409
vt 0.43009 0.23616
vt 0.184 -0.09555
vt 0.18427 -0.0909
vt 0.18505 -0.0916
vt -0.36206 0.32628
vt -0.37135 0.32212
vt -0.37162 0.32463
vt -0.36119 0.32069
vt 0.37533 0.179
vt 0.38612 0.18014
vt 0.37654 0.17749
vt 0.38672 0.17877
vt 0.36654 0.30587
vt 0.36634 0.30376
vt 0.35678 0.30472
vt 0.35694 0.30946
vt -0.1517 0.36403
vt -0.15583 0.36279
vt -0.15507 0.37072
vt -0.15188 0.36176
vt 0.33203 -0.14801
vt 0.33167 -0.1385
vt 0.33293 -0.14832
vt 0.32933 -0.13812
vt 0.14019 0.32442
vt 0.15093 0.33118
vt 0.15125 0.32642
vt 0.13944 0.33158
vt -0.15007 0.40243
vt -0.13975 0.39498
vt -0.151 0.39685
vt -0.13885 0.40293
vt 0.24612 0.12122
vt 0.235 0.11829
vt 0.24515 0.1229
vt 0.23414 0.11997
vt 0.23226 0.38555
vt 0.24277 0.38036
vt 0.23172 0.38351
vt 0.24314 0.38273
vt 0.40536 0.2714
vt 0.39873 0.26305
vt 0.39736 0.26437
vt 0.31671 0.36628
vt 0.30563 0.36618
vt 0.31624 0.36726
vt 0.30977 0.35821
vt 0.30041 0.39175
vt 0.28986 0.39026
vt 0.28989 0.39197
vt -0.28362 0.36846
vt -0.29466 0.3674
vt -0.29415 0.36836
vt -0.28926 0.35821
vt 0.32879 0.19139
vt 0.32496 0.18388
vt 0.32385 0.18514
vt 0.33007 0.19
vt 0.15469 0.33301
vt 0.14218 0.33653
vt 0.14922 0.34014
vt 0.14961 0.32688
vt 0.00994 0.47366
vt 0.00193 0.47063
vt 0.00901 0.47511
vt 0.00363 0.46889
vt -0.22202 0.27136
vt -0.22358 0.26214
vt -0.22409 0.27264
vt -0.00257 -0.05419
vt 0.00648 -0.05452
vt 0.00702 -0.05613
vt 0.00597 0.22288
vt 0.00739 0.23211
vt 0.01502 0.22261
vt -0.05122 0.28436
vt -0.05144 0.27385
vt -0.06109 0.27233
vt -0.14704 0.34184
vt -0.14882 0.32623
vt -0.15391 0.33237
vt -0.13933 0.33856
vt 0.10362 0.29243
vt 0.09629 0.29732
vt 0.09729 0.29853
vt 0.28335 0.35766
vt 0.2811 0.3488
vt 0.27611 0.35604
vt 0.28198 0.34897
vt 0.37268 0.26906
vt 0.37594 0.27723
vt 0.37716 0.27651
vt -0.26346 0.37697
vt -0.26035 0.36836
vt -0.26122 0.36857
vt -0.25411 0.37457
vt -0.0512 0.40009
vt -0.058 0.40163
vt -0.05721 0.40278
vt -0.05206 0.39878
vt 0.19009 0.42897
vt 0.18509 0.41948
vt 0.18101 0.42464
vt 0.19178 0.42267
vt 0.40322 0.13395
vt 0.39725 0.13016
vt 0.40156 0.13507
vt 0.39824 0.12915
vt -0.13125 -0.22861
vt -0.12392 -0.23102
vt -0.13255 -0.23014
vt -0.38173 0.26187
vt -0.37441 0.26037
vt -0.37419 0.259
vt -0.25546 0.35547
vt -0.2497 0.3606
vt -0.24984 0.35054
vt -0.0256 0.45177
vt -0.01707 0.45017
vt -0.01714 0.4421
vt -0.18541 0.41813
vt -0.19425 0.42201
vt -0.19296 0.4288
vt -0.18135 0.42331
vt 0.30812 0.04088
vt 0.3026 0.04078
vt 0.30417 0.04344
vt -0.30953 0.0228
vt -0.30603 0.02833
vt -0.30502 0.02579
vt 0.24452 0.197
vt 0.25223 0.18998
vt 0.2409 0.19185
vt 0.25402 0.19234
vt -0.09776 0.27516
vt -0.09087 0.26047
vt -0.10268 0.26668
vt -0.08668 0.26681
vt -0.21051 0.31118
vt -0.21515 0.30254
vt -0.21836 0.30823
vt -0.22232 0.30558
vt 0.26295 -0.11534
vt 0.26556 -0.11148
vt 0.26391 -0.11595
vt 0.25812 0.33789
vt 0.25482 0.34478
vt 0.26161 0.34273
vt 0.26301 0.34653
vt 0.11225 0.27675
vt 0.0979 0.27527
vt 0.10887 0.2835
vt 0.10036 0.27024
vt -0.19883 0.0973
vt -0.18792 0.10099
vt -0.19738 0.095
vt -0.18989 0.10623
vt 0.39284 0.27107
vt 0.39391 0.2707
vt 0.39171 0.2671
vt 0.40266 0.23806
vt 0.4001 0.23016
vt 0.39834 0.23387
vt 0.25425 0.3527
vt 0.25887 0.35728
vt 0.26245 0.35442
vt 0.25144 0.35965
vt 0.40915 0.03726
vt 0.40548 0.0442
vt 0.40648 0.04522
vt 0.32865 0.09
vt 0.32461 0.09241
vt 0.32599 0.09512
vt -0.41486 0.22419
vt -0.41138 0.2288
vt -0.41011 0.2287
vt -0.33627 0.08775
vt -0.3316 0.09049
vt -0.33044 0.08811
vt -0.31427 -0.14482
vt -0.30848 -0.14408
vt -0.30875 -0.14501
vt 0.1965 0.11634
vt 0.18533 0.11876
vt 0.18901 0.12542
vt 0.19475 0.11386
vt -0.3695 0.27446
vt -0.36173 0.2833
vt -0.36832 0.27425
vt -0.35941 0.2832
vt -0.27549 0.21035
vt -0.28389 0.20268
vt -0.28523 0.20486
vt -0.27171 0.20604
vt -0.14473 0.35792
vt -0.15056 0.3574
vt -0.15165 0.36139
vt -0.1489 0.3493
vt -0.19594 -0.13506
vt -0.20704 -0.13723
vt -0.19542 -0.13221
vt -0.20703 -0.13818
vt 0.07252 0.38276
vt 0.0628 0.37092
vt 0.06072 0.37618
vt 0.077 0.37664
vt -0.09742 0.35606
vt -0.08776 0.34404
vt -0.10182 0.34759
vt -0.08561 0.34992
vt -0.25703 0.39602
vt -0.25029 0.40814
vt -0.25476 0.39545
vt -0.24891 0.40786
vt 0.21398 0.05299
vt 0.20103 0.04544
vt 0.19951 0.04787
vt 0.21511 0.04907
vt -0.03873 0.45652
vt -0.0387 0.45361
vt -0.04008 0.45482
vt -0.04248 0.46373
vt -0.0394 0.46271
vt -0.04061 0.46163
vt -0.15551 0.40134
vt -0.15111 0.40664
vt -0.15187 0.3996
vt -0.15263 0.40765
vt -0.23334 0.22753
vt -0.2363 0.21993
vt -0.23709 0.229
vt -0.24118 0.22187
vt -0.19846 0.1854
vt -0.19603 0.18747
vt -0.19718 0.18478
vt -0.20094 0.18931
vt 0.17846 0.44334
vt 0.17754 0.44436
vt 0.17873 0.44346
vt 0.33417 0.21961
vt 0.33384 0.21659
vt 0.32932 0.21787
vt 0.33538 0.21704
vt 0.17395 0.18584
vt 0.17356 0.1773
vt 0.17078 0.18484
vt 0.17758 0.17855
vt 0.11141 0.36385
vt 0.1094 0.3707
vt 0.11456 0.3649
vt 0.10803 0.36984
vt 0.01415 0.46524
vt 0.01435 0.46545
vt 0.01499 0.46387
vt -0.02757 -0.30449
vt -0.03117 -0.3005
vt -0.02967 -0.30029
vt 0.18388 0.11497
vt 0.18594 0.1129
vt 0.18472 0.11226
vt 0.18789 0.11625
vt 0.36542 0.30888
vt 0.36432 0.3126
vt 0.36531 0.31353
vt -0.08416 0.46179
vt -0.08538 0.45999
vt -0.08688 0.461
vt 0.34385 0.26923
vt 0.34535 0.26683
vt 0.34457 0.26607
vt 0.03889 0.47707
vt 0.04046 0.47474
vt 0.03923 0.47376
vt -0.33271 0.33355
vt -0.33048 0.33109
vt -0.33122 0.33105
vt -0.17052 0.40158
vt -0.17169 0.39439
vt -0.17536 0.39607
vt -0.16892 0.40075
vt 0.39316 0.24298
vt 0.39218 0.25068
vt 0.39422 0.24387
vt 0.39314 0.25112
vt 0.24617 0.38651
vt 0.24538 0.39378
vt 0.24925 0.38793
vt 0.24679 0.39434
vt -0.29695 0.24947
vt -0.2985 0.24998
vt -0.29711 0.25255
vt -0.29174 0.25067
vt -0.21004 0.32151
vt -0.20765 0.31514
vt -0.21072 0.32151
vt -0.20597 0.31541
vt 0.33052 0.25184
vt 0.32403 0.25819
vt 0.32729 0.2592
vt 0.32567 0.25013
vt -0.26863 0.2322
vt -0.26182 0.23824
vt -0.26323 0.23034
vt -0.26557 0.23976
vt 0.39847 0.26995
vt 0.40168 0.26238
vt 0.39737 0.26909
vt 0.40058 0.26161
vt -0.10599 0.17808
vt -0.10462 0.18634
vt -0.10448 0.17813
vt -0.10632 0.1861
vt -0.35001 0.28056
vt -0.34751 0.28632
vt -0.34551 0.28343
vt 0.33625 0.28131
vt 0.32887 0.2822
vt 0.33098 0.28447
vt -0.42802 0.2311
vt -0.43014 0.2337
vt -0.42508 0.24571
vt -0.42035 0.24035
vt -0.39665 0.24969
vt -0.4148 0.24656
vt -0.40445 0.25763
vt -0.40912 0.24007
vt -0.36106 0.31736
vt -0.35365 0.31762
vt -0.3548 0.30817
vt -0.35425 0.32299
vt -0.24407 0.26485
vt -0.2413 0.26034
vt -0.24515 0.26414
vt 0.27103 0.39201
vt 0.27529 0.39372
vt 0.27874 0.38644
vt 0.28202 0.39447
vt 0.41047 0.25241
vt 0.39329 0.2574
vt 0.39954 0.26325
vt 0.40579 0.24811
vt 0.39885 0.2397
vt 0.40574 0.22859
vt 0.39357 0.23617
vt 0.40791 0.23078
vt -0.3987 0.0558
vt -0.39905 0.05456
vt -0.40326 0.05686
vt -0.22337 0.38977
vt -0.22514 0.39903
vt -0.22136 0.3963
vt 0.26708 0.3916
vt 0.2597 0.39181
vt 0.25926 0.39699
vt 0.26356 0.38385
vt -0.08727 0.29508
vt -0.08012 0.28978
vt -0.08065 0.28824
vt -0.36791 0.28973
vt -0.36348 0.29271
vt -0.36137 0.28997
vt 0.37767 0.29918
vt 0.37113 0.29961
vt 0.37043 0.30086
vt 0.35998 0.29633
vt 0.3548 0.29964
vt 0.35662 0.30204
vt 0.18456 0.23059
vt 0.18057 0.23588
vt 0.18165 0.23614
vt -0.40709 0.23882
vt -0.41257 0.22705
vt -0.41488 0.22961
vt -0.40064 0.23307
vt 0.41964 0.09498
vt 0.40929 0.10236
vt 0.40937 0.10499
vt 0.41941 0.09365
vt 0.42775 0.22989
vt 0.42274 0.24445
vt 0.42978 0.23195
vt 0.41902 0.23911
vt -0.3428 0.33262
vt -0.33821 0.33165
vt -0.34529 0.32646
vt -0.35184 0.33513
vt 0.27032 0.21912
vt 0.27582 0.20753
vt 0.26705 0.2189
vt 0.27686 0.2078
vt 0.34897 0.30475
vt 0.36563 0.2998
vt 0.36106 0.29531
vt 0.3534 0.31214
vt -0.36242 0.30598
vt -0.37924 0.30114
vt -0.36936 0.3143
vt -0.37402 0.29632
vt 0.26704 0.11108
vt 0.27938 0.10043
vt 0.26655 0.10956
vt 0.28031 0.10293
vt 0.3775 0.02462
vt 0.38209 0.00825
vt 0.37899 0.00727
vt 0.38213 0.02475
vt -0.35454 -0.03924
vt -0.35571 -0.03529
vt -0.35337 -0.03641
vt 0.39765 0.01184
vt 0.39367 0.01413
vt 0.39565 0.01528
vt -0.28651 -0.01429
vt -0.28289 -0.00526
vt -0.28402 -0.01499
vt -0.28855 -0.0045
vt -0.26778 0.21977
vt -0.26302 0.20781
vt -0.26871 0.20828
vt -0.26038 0.21912
vt -0.30435 0.23672
vt -0.2995 0.23232
vt -0.30687 0.23299
vt -0.30633 0.23709
vt -0.39718 0.16244
vt -0.39592 0.16096
vt -0.39757 0.16228
vt 0.15897 0.27709
vt 0.15715 0.27321
vt 0.1567 0.27719
vt 0.16442 0.27329
vt 0.32464 0.22264
vt 0.3176 0.23367
vt 0.32354 0.23394
vt 0.31996 0.2224
vt 0.33238 0.07293
vt 0.33271 0.06285
vt 0.3277 0.07261
vt 0.33489 0.06353
vt -0.01616 -0.3746
vt -0.01593 -0.37494
vt -0.0183 -0.37533
vt 0.41034 0.13658
vt 0.4142 0.13003
vt 0.41207 0.13016
vt 0.32463 0.27289
vt 0.32668 0.26931
vt 0.32074 0.26904
vt 0.32654 0.27331
vt -0.18824 0.42607
vt -0.18837 0.42059
vt -0.1901 0.41976
vt -0.31072 -0.09692
vt -0.30996 -0.09396
vt -0.30748 -0.09457
vt -0.26388 -0.21564
vt -0.26215 -0.21202
vt -0.26066 -0.21237
vt 0.33251 -0.11467
vt 0.33158 -0.11081
vt 0.33369 -0.11011
vt 0.28903 0.34999
vt 0.28523 0.35275
vt 0.28625 0.35303
vt -0.26488 -0.00153
vt -0.26893 -0.01107
vt -0.27056 -0.00091
vt -0.27145 -0.01067
vt -0.13399 -0.06853
vt -0.13277 -0.05856
vt -0.13089 -0.05801
vt -0.1355 -0.06856
vt 0.17743 -0.05518
vt 0.1754 -0.04546
vt 0.1802 -0.0452
vt 0.17529 -0.05517
vt -0.19309 0.20757
vt -0.20114 0.20771
vt -0.19467 0.21163
vt -0.19236 0.21163
vt 0.39638 0.25073
vt 0.39266 0.2596
vt 0.39735 0.25076
vt 0.39031 0.25912
vt 0.14773 0.21419
vt 0.15404 0.22558
vt 0.15255 0.21406
vt 0.14677 0.22551
vt -0.23972 0.20849
vt -0.23312 0.21954
vt -0.23402 0.20805
vt -0.2412 0.21975
vt -0.0837 0.13537
vt -0.08644 0.1463
vt -0.08461 0.14685
vt -0.08555 0.13472
vt 0.41145 0.22371
vt 0.41406 0.23526
vt 0.41386 0.22391
vt 0.41192 0.23532
vt -0.00297 0.00081
vt -0.00688 0.00198
vt -0.00468 0.00331
vt -0.00186 -0.07555
vt -0.00119 -0.07105
vt 0.00059 -0.07247
vt -0.03398 0.13542
vt -0.03771 0.1443
vt -0.03175 0.13666
vt -0.04223 0.1409
vt -0.18406 0.31589
vt -0.19129 0.32471
vt -0.17969 0.31946
vt -0.18558 0.32933
vt -0.23499 0.30508
vt -0.23409 0.30071
vt -0.23662 0.30393
vt -0.22853 0.30548
vt 0.15779 -0.13917
vt 0.15856 -0.13741
vt 0.15809 -0.13944
vt 0.14286 0.41207
vt 0.13897 0.41036
vt 0.14123 0.41362
vt 0.14445 0.4057
vt 0.24914 0.28684
vt 0.23844 0.2815
vt 0.24487 0.29091
vt 0.24181 0.27831
vt 0.11032 0.13328
vt 0.1175 0.14022
vt 0.11227 0.13214
vt 0.11415 0.14344
vt 0.25118 0.01306
vt 0.25153 0.01286
vt 0.24958 0.01148
vt 0.39135 0.19911
vt 0.3896 0.1918
vt 0.38817 0.19336
vt 0.28564 0.3043
vt 0.28687 0.30819
vt 0.28846 0.30708
vt 0.28146 0.30845
vt 0.2157 -0.32565
vt 0.21689 -0.32036
vt 0.21872 -0.31989
vt 0.03781 0.03152
vt 0.03598 0.03394
vt 0.03798 0.03548
vt -0.30464 0.12275
vt -0.30354 0.12656
vt -0.30203 0.12647
vt -0.07116 -0.01479
vt -0.06841 -0.01198
vt -0.06673 -0.01339
vt 0.36995 -0.07839
vt 0.37002 -0.07374
vt 0.37082 -0.0744
vt -0.02846 0.15695
vt -0.03652 0.16317
vt -0.03201 0.16657
vt -0.03055 0.15553
vt -0.2461 0.27506
vt -0.24387 0.28475
vt -0.24197 0.2851
vt -0.24758 0.27519
vt -0.03244 0.21361
vt -0.04034 0.20709
vt -0.03647 0.21612
vt -0.04207 0.20831
vt -0.12497 0.37101
vt -0.12321 0.37247
vt -0.1212 0.36892
vt -0.12741 0.36393
vt 0.31815 -0.03167
vt 0.31308 -0.03972
vt 0.31644 -0.03004
vt 0.31365 -0.04049
vt 0.09895 0.39642
vt 0.09082 0.38829
vt 0.08712 0.39131
vt 0.09321 0.40076
vt -0.16299 0.34929
vt -0.16045 0.33681
vt -0.16903 0.34405
vt -0.15599 0.34029
vt -0.17845 0.40328
vt -0.17824 0.39213
vt -0.18017 0.39191
vt -0.17657 0.4034
vt 0.35029 0.13745
vt 0.34358 0.12817
vt 0.34176 0.12974
vt 0.35173 0.13591
vt 0.2679 0.39572
vt 0.26385 0.39293
vt 0.26425 0.396
vt -0.31382 0.36033
vt -0.30934 0.36348
vt -0.30909 0.36075
vt 0.13694 0.44894
vt 0.12533 0.44939
vt 0.13673 0.45201
vt 0.12674 0.44272
vt -0.14822 0.38773
vt -0.14069 0.40112
vt -0.13686 0.39549
vt -0.15317 0.39508
vt -0.12693 0.35454
vt -0.13231 0.35416
vt -0.13174 0.36195
vt -0.13119 0.35203
vt 0.38385 0.29139
vt 0.38411 0.2937
vt 0.3843 0.29119
vt 0.27773 0.37396
vt 0.27909 0.36902
vt 0.2712 0.36823
vt 0.28122 0.37069
vt 0.10357 0.35113
vt 0.11189 0.33935
vt 0.10038 0.34653
vt 0.11595 0.34518
vt -0.10749 0.42425
vt -0.09667 0.41898
vt -0.10798 0.42156
vt -0.0944 0.4241
vt 0.40453 0.23553
vt 0.40496 0.23528
vt 0.40261 0.23362
vt 0.31365 0.01647
vt 0.30525 0.01303
vt 0.30577 0.01553
vt 0.16157 0.30054
vt 0.1567 0.3013
vt 0.16088 0.30704
vt 0.16054 0.29845
vt 0.40477 0.2412
vt 0.40549 0.2477
vt 0.40763 0.24851
vt 0.27143 0.40473
vt 0.26778 0.40504
vt 0.26801 0.40807
vt -0.41014 0.07964
vt -0.41024 0.08442
vt -0.40847 0.08485
vt -0.31971 0.37225
vt -0.31499 0.37273
vt -0.31451 0.37013
vt -0.38914 0.21606
vt -0.3838 0.21435
vt -0.38485 0.21366
vt 0.10546 0.45587
vt 0.11619 0.46185
vt 0.11677 0.45886
vt 0.10383 0.4625
vt -0.17806 0.38165
vt -0.19085 0.37883
vt -0.17972 0.38329
vt -0.19175 0.38039
vt -0.07837 0.47804
vt -0.09021 0.47835
vt -0.08962 0.48084
vt -0.07939 0.4724
vt -0.20099 0.41239
vt -0.19466 0.40515
vt -0.20332 0.40773
vt -0.20516 0.40978
vt -0.27102 0.20201
vt -0.28117 0.20737
vt -0.26921 0.20422
vt -0.28204 0.2066
vt 0.24272 0.40809
vt 0.2465 0.39301
vt 0.2384 0.40427
vt 0.25278 0.399
vt -0.16282 0.4027
vt -0.17795 0.40008
vt -0.16685 0.4082
vt -0.17186 0.39261
vt 0.3943 0.22688
vt 0.39959 0.21406
vt 0.39245 0.22545
vt 0.39772 0.21276
vt -0.11116 0.16211
vt -0.09927 0.15509
vt -0.10097 0.15319
vt -0.10949 0.16447
vt -0.36945 0.11472
vt -0.36753 0.11837
vt -0.36663 0.11594
vt 0.31649 0.08285
vt 0.3119 0.08297
vt 0.3131 0.08492
vt -0.43016 0.17403
vt -0.42047 0.175
vt -0.42963 0.17151
vt -0.42241 0.18037
vt -0.39283 0.29492
vt -0.40399 0.28853
vt -0.40433 0.29422
vt -0.39242 0.2875
vt -0.38404 0.29892
vt -0.38778 0.29355
vt -0.38807 0.30094
vt -0.38393 0.30093
vt -0.20155 0.16959
vt -0.20014 0.16824
vt -0.20192 0.16939
vt 0.35164 0.29592
vt 0.34789 0.29801
vt 0.35206 0.30318
vt 0.34763 0.29576
vt 0.38876 0.29051
vt 0.40065 0.29601
vt 0.40025 0.29133
vt 0.38929 0.29644
vt 0.4247 0.14118
vt 0.43341 0.13608
vt 0.42248 0.13705
vt 0.43399 0.1383
vt -0.25803 0.27709
vt -0.25839 0.2769
vt -0.25855 0.2793
vt -0.17211 0.43916
vt -0.17473 0.44629
vt -0.17265 0.44578
vt 0.33973 0.34882
vt 0.34328 0.35093
vt 0.34364 0.34499
vt 0.33928 0.35072
vt 0.05218 0.08574
vt 0.05682 0.08282
vt 0.05665 0.08091
vt -0.38099 0.15358
vt -0.37815 0.15475
vt -0.37716 0.15241
vt 0.3228 0.33679
vt 0.31898 0.33559
vt 0.31821 0.33691
vt 0.34746 0.15446
vt 0.344 0.15641
vt 0.34493 0.15842
vt -0.06791 -0.06274
vt -0.0683 -0.05805
vt -0.06743 -0.05864
vt -0.42542 0.18542
vt -0.43393 0.17964
vt -0.43463 0.18209
vt -0.42356 0.18002
vt 0.4282 0.25023
vt 0.43915 0.24952
vt 0.42915 0.24852
vt 0.43951 0.24806
vt 0.44007 0.22513
vt 0.43015 0.22562
vt 0.43111 0.23033
vt 0.43952 0.22306
vt -0.38827 0.28711
vt -0.3921 0.28503
vt -0.39297 0.29304
vt -0.38798 0.28482
vt 0.11173 -0.20862
vt 0.11276 -0.21818
vt 0.10935 -0.2084
vt 0.1137 -0.21843
vt 0.38068 0.28609
vt 0.39138 0.27864
vt 0.38002 0.27885
vt 0.392 0.28343
vt -0.40122 0.30029
vt -0.38943 0.29514
vt -0.40094 0.29458
vt -0.39024 0.30317
vt 0.40351 0.17439
vt 0.4145 0.17689
vt 0.41512 0.17502
vt 0.40301 0.17623
vt 0.37187 -0.15987
vt 0.36853 -0.14851
vt 0.37388 -0.15852
vt 0.36664 -0.1495
usemtl mat0
f 1/1/1 2/2/1 3/3/1
f 4/4/2 5/5/2 6/6/2
f 4/4/2 6/6/2 7/7/2
f 8/8/3 9/9/3 10/10/3
f 11/11/4 12/12/4 13/13/4
f 12/12/4 11/11/4 14/14/4
f 15/15/5 16/16/5 17/17/5
f 16/16/5 15/15/5 18/18/5
f 19/19/6 20/20/6 21/21/6
f 19/19/6 21/21/6 22/22/6
f 23/23/7 24/24/7 25/25/7
f 26/26/7 24/24/7 23/23/7
f 27/27/8 28/28/8 29/29/8
f 30/30/9 31/31/9 32/32/9
f 33/33/10 34/34/10 35/35/10
f 36/36/11 37/37/11 38/38/11
f 39/39/12 40/40/12 41/41/12
f 40/40/12 39/39/12 42/42/12
f 43/43/13 44/44/13 45/45/13
f 46/46/14 47/47/14 48/48/14
f 49/49/15 50/50/15 51/51/15
f 50/50/15 49/49/15 52/52/15
f 53/53/16 54/54/16 55/55/16
f 54/54/16 53/53/16 56/56/16
f 57/57/17 58/58/17 59/59/17
f 59/59/17 58/58/17 60/60/17
f 61/61/18 62/62/18 63/63/18
f 64/64/19 65/65/19 66/66/19
f 66/66/19 65/65/19 67/67/19
f 68/68/20 69/69/20 70/70/20
f 69/69/20 68/68/20 71/71/20
f 72/72/21 73/73/21 74/74/21
f 73/73/21 72/72/21 75/75/21
f 76/76/22 77/77/22 78/78/22
f 79/79/23 80/80/23 81/81/23
f 82/82/24 83/83/24 84/84/24
f 84/84/24 83/83/24 85/85/24
f 86/86/25 87/87/25 88/88/25
f 89/89/26 90/90/26 91/91/26
f 92/92/27 93/93/27 94/94/27
f 95/95/28 96/96/28 97/97/28
f 98/98/29 99/99/29 100/100/29
f 101/101/30 102/102/30 103/103/30
f 102/102/30 101/101/30 104/104/30
f 105/105/31 106/106/31 107/107/31
f 108/108/31 107/107/31 106/106/31
f 109/109/32 110/110/32 111/111/32
f 112/112/32 111/111/32 110/110/32
f 113/113/33 114/114/33 115/115/33
f 113/113/33 115/115/33 116/116/33
f 117/117/34 118/118/34 119/119/34
f 118/118/34 117/117/34 120/120/34
f 121/121/35 122/122/35 123/123/35
f 123/123/35 124/124/35 121/121/35
f 125/125/36 126/126/36 127/127/36
f 126/126/36 125/125/36 128/128/36
f 129/129/37 130/130/37 131/131/37
f 132/132/37 131/131/37 130/130/37
f 133/133/38 134/134/38 135/135/38
f 134/134/38 133/133/38 136/136/38
f 137/137/39 138/138/39 139/139/39
f 140/140/40 141/141/40 142/142/40
f 143/143/41 144/144/41 145/145/41
f 144/144/41 143/143/41 146/146/41
f 147/147/42 148/148/42 149/149/42
f 150/150/42 148/148/42 147/147/42
f 151/151/43 152/152/43 153/153/43
f 152/152/43 151/151/43 154/154/43
f 155/155/44 156/156/44 157/157/44
f 158/158/45 159/159/45 160/160/45
f 159/159/45 158/158/45 161/161/45
f 162/162/46 163/163/46 164/164/46
f 163/163/46 162/162/46 165/165/46
f 166/166/47 167/167/47 168/168/47
f 167/167/47 166/166/47 169/169/47
f 170/170/48 171/171/48 172/172/48
f 173/173/49 174/174/49 175/175/49
f 176/176/50 177/177/50 178/178/50
f 176/176/50 179/179/50 177/177/50
f 180/180/51 181/181/51 182/182/51
f 183/183/52 184/184/52 185/185/52
f 186/186/53 187/187/53 188/188/53
f 189/189/54 190/190/54 191/191/54
f 192/192/55 193/193/55 194/194/55
f 195/195/56 196/196/56 197/197/56
f 195/195/56 198/198/56 196/196/56
f 199/199/57 200/200/57 201/201/57
f 202/202/57 201/201/57 200/200/57
f 203/203/58 204/204/58 205/205/58
f 206/206/58 203/203/58 205/205/58
f 207/207/59 208/208/59 209/209/59
f 210/210/59 208/208/59 207/207/59
f 211/211/60 212/212/60 213/213/60
f 212/212/60 211/211/60 214/214/60
f 215/215/61 216/216/61 217/217/61
f 216/216/61 215/215/61 218/218/61
f 219/219/62 220/220/62 221/221/62
f 220/220/62 219/219/62 222/222/62
f 223/223/63 224/224/63 225/225/63
f 226/226/63 225/225/63 224/224/63
f 227/227/64 228/228/64 229/229/64
f 227/227/64 230/230/64 228/228/64
f 231/231/65 232/232/65 233/233/65
f 234/234/66 235/235/66 236/236/66
f 235/235/66 234/234/66 237/237/66
f 238/238/67 239/239/67 240/240/67
f 241/241/68 242/242/68 243/243/68
f 244/244/68 242/242/68 241/241/68
f 245/245/69 246/246/69 247/247/69
f 246/246/69 245/245/69 248/248/69
f 249/249/70 250/250/70 251/251/70
f 250/250/70 249/249/70 252/252/70
f 253/253/71 254/254/71 255/255/71
f 254/254/71 253/253/71 256/256/71
f 257/257/72 258/258/72 259/259/72
f 260/260/73 261/261/73 262/262/73
f 263/263/74 264/264/74 265/265/74
f 266/266/75 267/267/75 268/268/75
f 269/269/76 270/270/76 271/271/76
f 270/270/76 269/269/76 272/272/76
f 273/273/77 274/274/77 275/275/77
f 276/276/78 277/277/78 278/278/78
f 277/277/78 276/276/78 279/279/78
f 280/280/79 281/281/79 282/282/79
f 283/283/80 284/284/80 285/285/80
f 286/286/80 284/284/80 283/283/80
f 287/287/81 288/288/81 289/289/81
f 288/288/81 287/287/81 290/290/81
f 291/291/82 292/292/82 293/293/82
f 292/292/82 291/291/82 294/294/82
f 295/295/83 296/296/83 297/297/83
f 296/296/83 295/295/83 298/298/83
f 299/299/84 300/300/84 301/301/84
f 302/302/85 303/303/85 304/304/85
f 305/305/86 306/306/86 307/307/86
f 308/308/87 309/309/87 310/310/87
f 311/311/88 312/312/88 313/313/88
f 313/313/88 314/314/88 311/311/88
f 315/315/89 316/316/89 317/317/89
f 318/318/90 319/319/90 320/320/90
f 321/321/91 322/322/91 323/323/91
f 322/322/91 321/321/91 324/324/91
f 325/325/92 326/326/92 327/327/92
f 326/326/92 325/325/92 328/328/92
f 329/329/93 330/330/93 331/331/93
f 331/331/93 330/330/93 332/332/93
f 333/333/94 334/334/94 335/335/94
f 336/336/95 337/337/95 338/338/95
f 338/338/95 337/337/95 339/339/95
f 340/340/96 341/341/96 342/342/96
f 341/341/96 340/340/96 343/343/96
f 344/344/97 345/345/97 346/346/97
f 345/345/97 344/344/97 347/347/97
f 348/348/98 349/349/98 350/350/98
f 351/351/99 352/352/99 353/353/99
f 354/354/100 355/355/100 356/356/100
f 354/354/100 357/357/100 355/355/100
f 358/358/101 359/359/101 360/360/101
f 361/361/102 362/362/102 363/363/102
f 364/364/103 365/365/103 366/366/103
f 367/367/104 368/368/104 369/369/104
f 370/370/105 371/371/105 372/372/105
f 373/373/106 374/374/106 375/375/106
f 376/376/106 374/374/106 373/373/106
f 377/377/107 378/378/107 379/379/107
f 380/380/107 379/379/107 378/378/107
f 381/381/108 382/382/108 383/383/108
f 384/384/108 382/382/108 381/381/108
f 385/385/109 386/386/109 387/387/109
f 385/385/109 388/388/109 386/386/109
f 389/389/110 390/390/110 391/391/110
f 390/390/110 389/389/110 392/392/110
f 393/393/111 394/394/111 395/395/111
f 394/394/111 393/393/111 396/396/111
f 397/397/112 398/398/112 399/399/112
f 398/398/112 397/397/112 400/400/112
f 401/401/113 402/402/113 403/403/113
f 404/404/113 403/403/113 402/402/113
f 405/405/114 406/406/114 407/407/114
f 406/406/114 405/405/114 408/408/114
f 409/409/115 410/410/115 411/411/115
f 412/412/116 413/413/116 414/414/116
f 415/415/117 416/416/117 417/417/117
f 416/416/117 415/415/117 418/418/117
f 419/419/118 420/420/118 421/421/118
f 422/422/118 421/421/118 420/420/118
f 423/423/119 424/424/119 425/425/119
f 424/424/119 423/423/119 426/426/119
f 427/427/120 428/428/121 429/429/122
f 430/430/123 431/431/123 432/432/123
f 431/431/123 430/430/123 433/433/123
f 434/434/124 435/435/124 436/436/124
f 435/435/124 434/434/124 437/437/124
f 438/438/125 439/439/125 440/440/125
f 439/439/125 438/438/125 441/441/125
f 442/442/126 443/443/126 444/444/126
f 445/445/127 446/446/127 447/447/127
f 448/448/128 449/449/128 450/450/128
f 448/448/128 451/451/128 449/449/128
f 452/452/129 453/453/129 454/454/129
f 455/455/130 456/456/130 457/457/130
f 458/458/131 459/459/131 460/460/131
f 461/461/132 462/462/132 463/463/132
f 464/464/133 465/465/133 466/466/133
f 467/467/134 468/468/134 469/469/134
f 468/468/134 467/467/134 470/470/134
f 471/471/135 472/472/135 473/473/135
f 474/474/135 473/473/135 472/472/135
f 475/475/136 476/476/136 477/477/136
f 478/478/136 477/477/136 476/476/136
f 479/479/137 480/480/137 481/481/137
f 482/482/137 479/479/137 481/481/137
f 483/483/138 484/484/138 485/485/138
f 484/484/138 483/483/138 486/486/138
f 487/487/139 488/488/139 489/489/139
f 488/488/139 487/487/139 490/490/139
f 491/491/140 492/492/140 493/493/140
f 492/492/140 491/491/140 494/494/140
f 495/495/141 496/496/141 497/497/141
f 497/497/141 496/496/141 498/498/141
f 499/499/142 500/500/142 501/501/142
f 500/500/142 499/499/142 502/502/142
f 503/503/143 504/504/143 505/505/143
f 506/506/144 507/507/144 508/508/144
f 509/509/145 510/510/145 511/511/145
f 512/512/145 509/509/145 511/511/145
f 513/513/146 514/514/146 515/515/146
f 514/514/146 513/513/146 516/516/146
f 517/517/147 518/518/147 519/519/147
f 517/517/147 520/520/147 518/518/147
f 521/521/148 522/522/148 523/523/148
f 524/524/149 525/525/149 526/526/149
f 527/527/149 526/526/149 525/525/149
f 528/528/150 529/529/150 530/530/150
f 531/531/150 529/529/150 528/528/150
f 532/532/151 533/533/151 534/534/151
f 533/533/151 532/532/151 535/535/151
f 536/536/152 537/537/152 538/538/152
f 539/539/153 540/540/153 541/541/153
f 542/542/154 543/543/154 544/544/154
f 542/542/154 545/545/154 543/543/154
f 546/546/155 547/547/155 548/548/155
f 549/549/156 550/550/156 551/551/156
f 552/552/157 553/553/157 554/554/157
f 555/555/158 556/556/158 557/557/158
f 558/558/159 559/559/159 560/560/159
f 561/561/160 562/562/160 563/563/160
f 562/562/160 561/561/160 564/564/160
f 565/565/161 566/566/161 567/567/161
f 568/568/161 566/566/161 565/565/161
f 569/569/162 570/570/162 571/571/162
f 570/570/162 569/569/162 572/572/162
f 573/573/163 574/574/163 575/575/163
f 576/576/163 573/573/163 575/575/163
f 577/577/164 578/578/164 579/579/164
f 578/578/164 577/577/164 580/580/164
f 581/581/165 582/582/165 583/583/165
f 582/582/165 581/581/165 584/584/165
f 585/585/166 586/586/166 587/587/166
f 586/586/166 585/585/166 588/588/166
f 589/589/167 590/590/167 591/591/167
f 590/590/167 589/589/167 592/592/167
f 593/593/168 594/594/168 595/595/168
f 594/594/168 593/593/168 596/596/168
f 597/597/169 598/598/169 599/599/169
f 600/600/170 601/601/170 602/602/170
f 603/603/171 604/604/171 605/605/171
f 604/604/171 603/603/171 606/606/171
f 607/607/172 608/608/172 609/609/172
f 608/608/172 607/607/172 610/610/172
f 611/611/173 612/612/173 613/613/173
f 613/613/173 614/614/173 611/611/173
f 615/615/174 616/616/174 617/617/174
f 618/618/175 619/619/175 620/620/175
f 619/619/175 618/618/175 621/621/175
f 622/622/176 623/623/176 624/624/176
f 623/623/176 622/622/176 625/625/176
f 626/626/177 627/627/177 628/628/177
f 627/627/177 626/626/177 629/629/177
f 630/630/178 631/631/178 632/632/178
f 633/633/179 634/634/179 635/635/179
f 636/636/180 637/637/180 638/638/180
f 639/639/180 637/637/180 636/636/180
f 640/640/181 641/641/181 642/642/181
f 643/643/182 644/644/182 645/645/182
f 646/646/183 647/647/183 648/648/183
f 649/649/184 650/650/184 651/651/184
f 652/652/185 653/653/185 654/654/185
f 655/655/186 656/656/186 657/657/186
f 658/658/186 657/657/186 656/656/186
f 659/659/187 660/660/187 661/661/187
f 660/660/187 659/659/187 662/662/187
f 663/663/188 664/664/188 665/665/188
f 664/664/188 663/663/188 666/666/188
f 667/667/189 668/668/189 669/669/189
f 670/670/189 667/667/189 669/669/189
f 671/671/190 672/672/190 673/673/190
f 672/672/190 671/671/190 674/674/190
f 675/675/191 676/676/191 677/677/191
f 676/676/191 675/675/191 678/678/191
f 679/679/192 680/680/192 681/681/192
f 680/680/192 679/679/192 682/682/192
f 683/683/193 684/684/193 685/685/193
f 686/686/193 684/684/193 683/683/193
f 687/687/194 688/688/194 689/689/194
f 688/688/194 687/687/194 690/690/194
f 691/691/195 692/692/195 693/693/195
f 694/694/196 695/695/196 696/696/196
f 697/697/197 698/698/197 699/699/197
f 698/698/197 697/697/197 700/700/197
f 701/701/198 702/702/198 703/703/198
f 704/704/198 703/703/198 702/702/198
f 705/705/199 706/706/199 707/707/199
f 706/706/199 705/705/199 708/708/199
f 709/709/200 710/710/200 711/711/200
f 712/712/201 713/713/201 714/714/201
f 713/713/201 712/712/201 715/715/201
f 716/716/202 717/717/202 718/718/202
f 717/717/202 716/716/202 719/719/202
f 720/720/203 721/721/203 722/722/203
f 721/721/203 720/720/203 723/723/203
f 724/724/204 725/725/204 726/726/204
f 727/727/205 728/728/205 729/729/205
f 730/730/206 731/731/206 732/732/206
f 730/730/206 733/733/206 731/731/206
f 734/734/207 735/735/207 736/736/207
f 737/737/208 738/738/208 739/739/208
f 740/740/209 741/741/209 742/742/209
f 743/743/210 744/744/210 745/745/210
f 746/746/211 747/747/211 748/748/211
f 749/749/212 750/750/212 751/751/212
f 750/750/212 749/749/212 752/752/212
f 753/753/213 754/754/213 755/755/213
f 756/756/213 754/754/213 753/753/213
f 757/757/214 758/758/214 759/759/214
f 760/760/214 759/759/214 758/758/214
f 761/761/215 762/762/215 763/763/215
f 764/764/215 761/761/215 763/763/215
f 765/765/216 766/766/216 767/767/216
f 766/766/216 765/765/216 768/768/216
f 769/769/217 770/770/217 771/771/217
f 769/769/217 771/771/217 772/772/217
f 773/773/218 774/774/218 775/775/218
f 774/774/218 773/773/218 776/776/218
f 777/777/219 778/778/219 779/779/219
f 778/778/219 777/777/219 780/780/219
f 781/781/220 782/782/220 783/783/220
f 782/782/220 781/781/220 784/784/220
f 785/785/221 786/786/221 787/787/221
f 788/788/222 789/789/222 790/790/222
f 791/791/223 792/792/223 793/793/223
f 792/792/223 791/791/223 794/794/223
f 795/795/224 796/796/224 797/797/224
f 796/796/224 795/795/224 798/798/224
f 799/799/225 800/800/225 801/801/225
f 800/800/225 799/799/225 802/802/225
f 803/803/226 804/804/226 805/805/226
f 806/806/227 807/807/227 808/808/227
f 807/807/227 806/806/227 809/809/227
f 810/810/228 811/811/228 812/812/228
f 811/811/228 810/810/228 813/813/228
f 814/814/229 815/815/229 816/816/229
f 815/815/229 814/814/229 817/817/229
f 818/818/230 819/819/230 820/820/230
f 821/821/231 822/822/231 823/823/231
f 824/824/232 825/825/232 826/826/232
f 827/827/232 825/825/232 824/824/232
f 828/828/233 829/829/233 830/830/233
f 831/831/234 832/832/234 833/833/234
f 834/834/235 835/835/235 836/836/235
f 837/837/236 838/838/236 839/839/236
f 840/840/237 841/841/237 842/842/237
f 843/843/238 844/844/238 845/845/238
f 846/846/238 844/844/238 843/843/238
f 847/847/239 848/848/239 849/849/239
f 849/849/239 848/848/239 850/850/239
f 851/851/240 852/852/240 853/853/240
f 854/854/240 852/852/240 851/851/240
f 855/855/241 856/856/241 857/857/241
f 858/858/241 855/855/241 857/857/241
f 859/859/242 860/860/242 861/861/242
f 860/860/242 859/859/242 862/862/242
f 863/863/243 864/864/243 865/865/243
f 864/864/243 863/863/243 866/866/243
f 867/867/244 868/868/244 869/869/244
f 868/868/244 867/867/244 870/870/244
f 871/871/245 872/872/245 873/873/245
f 874/874/245 873/873/245 872/872/245
f 875/875/246 876/876/246 877/877/246
f 876/876/246 875/875/246 878/878/246
f 879/879/247 880/880/247 881/881/247
f 882/882/248 883/883/248 884/884/248
f 885/885/249 886/886/249 887/887/249
f 886/886/249 885/885/249 888/888/249
f 889/889/250 890/890/250 891/891/250
f 892/892/250 890/890/250 889/889/250
f 893/893/251 894/894/251 895/895/251
f 895/895/251 896/896/251 893/893/251
f 897/897/252 898/898/252 899/899/252
f 900/900/253 901/901/253 902/902/253
f 901/901/253 900/900/253 903/903/253
f 904/904/254 905/905/254 906/906/254
f 907/907/254 905/905/254 904/904/254
f 908/908/255 909/909/255 910/910/255
f 909/909/255 908/908/255 911/911/255
f 912/912/256 913/913/256 914/914/256
f 915/915/257 916/916/257 917/917/257
f 918/918/258 919/919/258 920/920/258
f 921/921/258 919/919/258 918/918/258
f 922/922/259 923/923/259 924/924/259
f 925/925/260 926/926/260 927/927/260
f 928/928/261 929/929/261 930/930/261
f 931/931/262 932/932/262 933/933/262
f 934/934/263 935/935/263 936/936/263
f 937/937/264 938/938/264 939/939/264
f 940/940/264 938/938/264 937/937/264
f 941/941/265 942/942/265 943/943/265
f 944/944/265 943/943/265 942/942/265
f 945/945/266 946/946/266 947/947/266
f 948/948/266 946/946/266 945/945/266
f 949/949/267 950/950/267 951/951/267
f 952/952/267 950/950/267 949/949/267
f 953/953/268 954/954/268 955/955/268
f 954/954/268 953/953/268 956/956/268
f 957/957/269 958/958/269 959/959/269
f 957/957/269 960/960/269 958/958/269
f 961/961/270 962/962/270 963/963/270
f 962/962/270 961/961/270 964/964/270
f 965/965/271 966/966/271 967/967/271
f 966/966/271 965/965/271 968/968/271
f 969/969/272 970/970/272 971/971/272
f 969/969/272 972/972/272 970/970/272
# Vertices: 972, normals: 272, texture coordinates: 972, faces: 432

o obj2
v 0.00344443 0.25813561 -0.07950182
v 0.0018115 0.16902262 -0.02806375
v -0.0039556 0.16741067 -0.03109071
v 0.00344443 0.25813561 -0.07950182
v -0.0039556 0.16741067 -0.03109071
v -0.00288463 0.16919476 -0.02623078
v 0.0018115 0.16902262 -0.02806375
v -0.00908971 -0.0833032 0.06206225
v 0.00240946 -0.0849661 0.05960916
v -0.00288463 0.16919476 -0.02623078
v -0.0039556 0.16741067 -0.03109071
v 0.00240946 -0.0849661 0.05960916
v -0.01246571 -0.0859954 0.05144308
v 0.0018115 0.16902262 -0.02806375
v 0.00344443 0.25813561 -0.07950182
v -0.00288463 0.16919476 -0.02623078
v 0.0018115 0.16902262 -0.02806375
v -0.00908971 -0.0833032 0.06206225
v -0.01246571 -0.0859954 0.05144308
v 0.00240946 -0.0849661 0.05960916
v -0.01246571 -0.0859954 0.05144308
v -0.00288463 0.16919476 -0.02623078
v -0.0039556 0.16741067 -0.03109071
v -0.00908971 -0.0833032 0.06206225
v -0.01021552 0.05504184 0.05166221
v -0.01397252 -0.13747037 -0.05827381
v -0.01507759 0.05692511 0.04864026
v -0.00397348 -0.14021457 -0.05186584
v -0.01612449 0.05248171 0.05191112
v -0.02143049 -0.14270987 -0.04923894
v -0.01098466 -0.1452751 -0.04285576
v -0.02012348 0.05440074 0.05107928
v -0.01612449 0.05248171 0.05191112
v -0.01021552 0.05504184 0.05166221
v -0.01507759 0.05692511 0.04864026
v -0.02012348 0.05440074 0.05107928
v -0.01397252 -0.13747037 -0.05827381
v -0.00397348 -0.14021457 -0.05186584
v -0.01098466 -0.1452751 -0.04285576
v -0.02143049 -0.14270987 -0.04923894
v -0.01612449 0.05248171 0.05191112
v -0.00397348 -0.14021457 -0.05186584
v -0.01021552 0.05504184 0.05166221
v -0.01098466 -0.1452751 -0.04285576
v -0.02143049 -0.14270987 -0.04923894
v -0.02012348 0.05440074 0.05107928
v -0.01397252 -0.13747037 -0.05827381
v -0.01507759 0.05692511 0.04864026
v -0.0153625 0.00368507 -0.06452584
v 0.01303649 -0.1251656 0.02315924
v 0.00702333 -0.1295483 0.01862023
v -0.01241159 0.00556453 -0.06201076
v -0.01920652 0.00350339 -0.06240177
v 0.00683951 -0.1225829 0.02904508
v -0.01650667 0.00392182 -0.06068373
v 0.00051546 -0.1270801 0.02460025
v -0.0153625 0.00368507 -0.06452584
v -0.01920652 0.00350339 -0.06240177
v -0.01650667 0.00392182 -0.06068373
v -0.01241159 0.00556453 -0.06201076
v 0.00051546 -0.1270801 0.02460025
v 0.00702333 -0.1295483 0.01862023
v 0.00683951 -0.1225829 0.02904508
v 0.01303649 -0.1251656 0.02315924
v -0.01241159 0.00556453 -0.06201076
v 0.00683951 -0.1225829 0.02904508
v 0.01303649 -0.1251656 0.02315924
v -0.01650667 0.00392182 -0.06068373
v -0.0153625 0.00368507 -0.06452584
v 0.00051546 -0.1270801 0.02460025
v -0.01920652 0.00350339 -0.06240177
v 0.00702333 -0.1295483 0.01862023
v 0.08243847 0.2221504 0.03110722
v 0.02762842 0.11633807 0.0318382
v 0.02832842 0.11595517 0.02410914
v 0.08243847 0.2221504 0.03110722
v 0.02832842 0.11595517 0.02410914
v 0.02358436 0.11730628 0.02773621
v -0.06321263 -0.18072268 0.01392123
v 0.02762842 0.11633807 0.0318382
v -0.07094955 -0.17674749 0.00327227
v 0.02358436 0.11730628 0.02773621
v 0.02832842 0.11595517 0.02410914
v -0.06321263 -0.18072268 0.01392123
v -0.06105661 -0.1781203 -0.00547293
v 0.02762842 0.11633807 0.0318382
v 0.08243847 0.2221504 0.03110722
v 0.02358436 0.11730628 0.02773621
v 0.02762842 0.11633807 0.0318382
v -0.07094955 -0.17674749 0.00327227
v -0.06105661 -0.1781203 -0.00547293
v -0.06321263 -0.18072268 0.01392123
v 0.02358436 0.11730628 0.02773621
v -0.06105661 -0.1781203 -0.00547293
v -0.07094955 -0.17674749 0.00327227
v 0.02832842 0.11595517 0.02410914
v -0.07097554 0.09063892 0.04813625
v 0.09206533 -0.17478319 0.00896713
v 0.09241629 -0.17308439 -0.00467375
v -0.07097554 0.09063892 0.04813625
v 0.09241629 -0.17308439 -0.00467375
v -0.0425005 0.04382997 0.03983331
v 0.08022141 -0.18077528 0.0087311
v 0.09206533 -0.17478319 0.00896713
v 0.08022141 -0.18077528 0.0087311
v 0.09241629 -0.17308439 -0.00467375
v -0.0425005 0.04382997 0.03983331
v 0.08022141 -0.18077528 0.0087311
v 0.09206533 -0.17478319 0.00896713
v -0.07097554 0.09063892 0.04813625
v 0.02443242 0.12477357 -0.0675597
v 0.02901244 -0.15988611 0.06477806
v 0.04182339 -0.1622266 0.06036422
v 0.02443242 0.12477357 -0.0675597
v 0.04182339 -0.1622266 0.06036422
v 0.02639341 0.07420904 -0.04497074
v 0.02348041 -0.16407292 0.05346009
v 0.02901244 -0.15988611 0.06477806
v 0.02348041 -0.16407292 0.05346009
v 0.04182339 -0.1622266 0.06036422
v 0.02901244 -0.15988611 0.06477806
v 0.02443242 0.12477357 -0.0675597
v 0.02639341 0.07420904 -0.04497074
v 0.02348041 -0.16407292 0.05346009
v -0.0848546 0.24748901 0.00216512
v -0.0310986 0.1412304 0.00667431
v -0.03376961 0.14021951 0.0139003
v -0.0848546 0.24748901 0.00216512
v -0.03376961 0.14021951 0.0139003
v -0.02825665 0.14178973 0.01174619
v -0.0310986 0.1412304 0.00667431
v 0.05846739 -0.1547679 0.03488109
v 0.05376649 -0.15772099 0.02230022
v -0.02825665 0.14178973 0.01174619
v 0.05376649 -0.15772099 0.02230022
v -0.03376961 0.14021951 0.0139003
v -0.0310986 0.1412304 0.00667431
v 0.04665947 -0.15670149 0.04063127
v -0.0848546 0.24748901 0.00216512
v -0.02825665 0.14178973 0.01174619
v -0.0310986 0.1412304 0.00667431
v 0.05846739 -0.1547679 0.03488109
v 0.04665947 -0.15670149 0.04063127
v 0.05376649 -0.15772099 0.02230022
v -0.02825665 0.14178973 0.01174619
v 0.04665947 -0.15670149 0.04063127
v 0.05846739 -0.1547679 0.03488109
v -0.03376961 0.14021951 0.0139003
v 0.01754141 0.33553778 -0.04918283
v 0.01214838 0.22552609 -0.00369378
v 0.00601745 0.2239906 -0.00821181
v 0.01754141 0.33553778 -0.04918283
v 0.00601745 0.2239906 -0.00821181
v 0.00649047 0.22534078 -0.00225779
v 0.01214838 0.22552609 -0.00369378
v -0.00252867 -0.0778589 0.06091927
v 0.01109338 -0.07913391 0.05954622
v 0.00649047 0.22534078 -0.00225779
v 0.00601745 0.2239906 -0.00821181
v 0.01109338 -0.07913391 0.05954622
v -0.0048027 -0.0794489 0.04793714
v 0.01214838 0.22552609 -0.00369378
v 0.01754141 0.33553778 -0.04918283
v 0.00649047 0.22534078 -0.00225779
v 0.01214838 0.22552609 -0.00369378
v -0.00252867 -0.0778589 0.06091927
v -0.0048027 -0.0794489 0.04793714
v 0.01109338 -0.07913391 0.05954622
v -0.0048027 -0.0794489 0.04793714
v 0.00649047 0.22534078 -0.00225779
v 0.00601745 0.2239906 -0.00821181
v -0.00252867 -0.0778589 0.06091927
vn 0.51075 -0.43679 -0.7405
vn -0.97447 0.16228 0.15517
vn 0.27596 0.31271 0.90888
vn 0.48483 -0.28494 -0.82689
vn 0.33646 0.46614 0.81824
vn -0.08136 -0.95965 0.26916
vn -0.96326 0.11066 0.24473
vn 0.5767 0.39661 -0.71423
vn -0.50533 -0.38616 0.7717
vn -0.08569 0.60366 0.79263
vn 0.05749 -0.88619 -0.45974
vn 0.66917 -0.3192 0.67106
vn -0.74041 0.31475 -0.5939
vn 0.70763 -0.28425 -0.64689
vn -0.65113 0.35285 0.67196
vn -0.27986 0.94951 -0.14185
vn 0.1877 -0.81517 0.54797
vn 0.51338 0.54698 0.66125
vn -0.59983 -0.49908 -0.62539
vn 0.88354 -0.45696 0.10266
vn -0.51774 0.31619 -0.79497
vn -0.7369 0.18447 0.65035
vn 0.95205 -0.29637 0.076
vn -0.63141 0.33191 0.70083
vn -0.27104 -0.94959 -0.15755
vn -0.59574 0.25625 -0.7612
vn 0.85454 0.51226 0.08578
vn -0.65506 -0.26202 -0.70869
vn 0.45079 -0.88714 -0.09888
vn -0.06703 -0.17983 0.98141
vn 0.36298 0.39761 0.8427
vn 0.33608 -0.36489 -0.86828
vn -0.04396 -0.92979 0.36544
vn -0.95343 0.11922 0.27704
vn -0.82434 -0.43253 -0.36522
vn 0.29298 0.24075 0.92531
vn 0.87877 0.22584 -0.42043
vn -0.89836 -0.27363 -0.34362
vn 0.789 0.37862 -0.48386
vn 0.2267 -0.96363 0.14149
vn 0.37738 0.18257 0.90788
vn 0.61231 -0.32756 -0.71957
vn -0.9913 0.12124 0.05126
vn 0.15229 0.19882 0.96813
vn 0.59157 -0.16644 -0.78889
vn 0.21794 0.36379 0.90563
vn -0.07886 -0.98773 0.13479
vn -0.98919 0.05878 0.13437
vt 0.021 0.03333
vt 0.02918 0.02708
vt 0.02877 0.02655
vt 0.31809 -0.05255
vt 0.31622 -0.06269
vt 0.31569 -0.06266
vt -0.26158 0.27849
vt -0.28415 0.26401
vt -0.28482 0.26499
vt -0.26137 0.27804
vt 0.10275 -0.00518
vt 0.12468 -0.02062
vt 0.12353 -0.02188
vt 0.10311 -0.00461
vt -0.21342 0.33043
vt -0.22181 0.32431
vt -0.22201 0.32477
vt -0.30382 0.36041
vt -0.30496 0.36032
vt -0.30384 0.3616
vt 0.2744 -0.14851
vt 0.27747 -0.122
vt 0.27799 -0.12209
vt 0.27326 -0.14842
vt 0.36407 -0.05431
vt 0.38344 -0.06511
vt 0.36378 -0.05484
vt 0.38395 -0.06401
vt -0.36645 -0.0227
vt -0.38593 -0.03289
vt -0.38643 -0.03175
vt -0.36614 -0.02302
vt -0.10581 0.21858
vt -0.10594 0.21921
vt -0.10539 0.21896
vt -0.10543 0.21835
vt -0.04594 0.31438
vt -0.04485 0.31493
vt -0.04428 0.31382
vt -0.04538 0.31323
vt -0.41223 0.23995
vt -0.43376 0.23582
vt -0.41216 0.24051
vt -0.43351 0.23463
vt 0.4339 0.22238
vt 0.41255 0.22818
vt 0.43417 0.22363
vt 0.41259 0.22878
vt -0.01173 -0.10875
vt 0.00205 -0.11656
vt 0.00162 -0.11731
vt -0.01148 -0.10839
vt 0.00372 -0.06522
vt -0.01018 -0.0727
vt 0.00348 -0.06501
vt -0.00976 -0.07348
vt 0.30171 0.30012
vt 0.3016 0.2997
vt 0.30136 0.29991
vt 0.30136 0.30037
vt -0.39856 0.2769
vt -0.39918 0.27757
vt -0.39793 0.27753
vt -0.39855 0.27817
vt -0.22649 0.38291
vt -0.24046 0.37545
vt -0.24082 0.37624
vt -0.22645 0.38251
vt 0.25643 0.38566
vt 0.27006 0.37747
vt 0.25629 0.38526
vt 0.27047 0.37828
vt -0.34637 0.11122
vt -0.35136 0.1004
vt -0.35206 0.10072
vt 0.39717 0.2617
vt 0.40508 0.25276
vt 0.40468 0.25231
vt -0.02213 -0.17043
vt -0.01321 -0.14062
vt -0.02079 -0.17074
vt -0.01267 -0.14084
vt -0.36556 0.06349
vt -0.38119 0.03664
vt -0.38275 0.03784
vt -0.36487 0.06313
vt -0.01855 -0.04074
vt -0.0207 -0.05257
vt -0.02124 -0.05235
vt -0.0995 0.43245
vt -0.09978 0.43375
vt -0.09814 0.43266
vt 0.40367 0.25699
vt 0.42801 0.23794
vt 0.42723 0.23686
vt 0.40407 0.25745
vt -0.25399 0.3886
vt -0.28387 0.39824
vt -0.28349 0.39957
vt 0.32821 0.32367
vt 0.35931 0.32847
vt 0.3337 0.32442
vt 0.3594 0.3265
vt -0.23544 0.22917
vt -0.23587 0.22792
vt -0.23672 0.22969
vt -0.35214 0.12208
vt -0.37783 0.1242
vt -0.37776 0.12551
vt -0.34664 0.1214
vt -0.25227 0.31892
vt -0.27919 0.30275
vt -0.27993 0.3039
vt 0.12549 0.07505
vt 0.15264 0.05913
vt 0.13022 0.07216
vt 0.15147 0.05755
vt -0.34056 0.34048
vt -0.34183 0.34012
vt -0.34085 0.34183
vt 0.25108 -0.16864
vt 0.26092 -0.13883
vt 0.25923 -0.1441
vt 0.25236 -0.16895
vt 0.28894 0.36944
vt 0.30085 0.36931
vt 0.30084 0.36853
vt -0.27308 0.26572
vt -0.28501 0.26514
vt -0.28511 0.26574
vt -0.04651 -0.33793
vt -0.02839 -0.36316
vt -0.02949 -0.36399
vt -0.04599 -0.33766
vt 0.39533 0.28644
vt 0.36551 0.29517
vt 0.36569 0.29592
vt 0.39454 0.28463
vt 0.27651 -0.23527
vt 0.28853 -0.23513
vt 0.28842 -0.2357
vt -0.2887 0.31496
vt -0.28847 0.31365
vt -0.29006 0.31481
vt -0.31024 0.2765
vt -0.34028 0.26924
vt -0.34064 0.27051
vt -0.31013 0.2759
vt 0.01625 -0.03145
vt 0.02493 -0.03962
vt 0.02439 -0.04018
vt 0.35405 0.00588
vt 0.3554 -0.00598
vt 0.3548 -0.00613
vt -0.27195 0.22853
vt -0.29845 0.21234
vt -0.29919 0.21349
vt -0.27171 0.228
vt 0.10207 -0.07596
vt 0.12611 -0.09563
vt 0.12469 -0.09698
vt 0.10253 -0.07534
vt -0.22432 0.28057
vt -0.23404 0.27349
vt -0.23428 0.27402
vt -0.25367 0.37997
vt -0.25499 0.38013
vt -0.25343 0.38132
vt 0.34236 -0.09236
vt 0.33572 -0.06217
vt 0.33633 -0.06207
vt 0.34108 -0.09269
usemtl mat1
f 973/973/273 974/974/273 975/975/273
f 976/976/274 977/977/274 978/978/274
f 979/979/275 980/980/275 981/981/275
f 982/982/275 980/980/275 979/979/275
f 983/983/276 984/984/276 985/985/276
f 984/984/276 983/983/276 986/986/276
f 987/987/277 988/988/277 989/989/277
f 990/990/278 991/991/278 992/992/278
f 993/993/279 994/994/279 995/995/279
f 994/994/279 993/993/279 996/996/279
f 997/997/280 998/998/280 999/999/280
f 998/998/280 997/997/280 1000/1000/280
f 1001/1001/281 1002/1002/281 1003/1003/281
f 1002/1002/281 1001/1001/281 1004/1004/281
f 1005/1005/282 1006/1006/282 1007/1007/282
f 1008/1008/282 1005/1005/282 1007/1007/282
f 1009/1009/283 1010/1010/283 1011/1011/283
f 1012/1012/283 1009/1009/283 1011/1011/283
f 1013/1013/284 1014/1014/284 1015/1015/284
f 1013/1013/284 1016/1016/284 1014/1014/284
f 1017/1017/285 1018/1018/285 1019/1019/285
f 1020/1020/285 1019/1019/285 1018/1018/285
f 1021/1021/286 1022/1022/286 1023/1023/286
f 1024/1024/286 1022/1022/286 1021/1021/286
f 1025/1025/287 1026/1026/287 1027/1027/287
f 1025/1025/287 1028/1028/287 1026/1026/287
f 1029/1029/288 1030/1030/288 1031/1031/288
f 1029/1029/288 1031/1031/288 1032/1032/288
f 1033/1033/289 1034/1034/289 1035/1035/289
f 1036/1036/289 1035/1035/289 1034/1034/289
f 1037/1037/290 1038/1038/290 1039/1039/290
f 1038/1038/290 1037/1037/290 1040/1040/290
f 1041/1041/291 1042/1042/291 1043/1043/291
f 1042/1042/291 1041/1041/291 1044/1044/291
f 1045/1045/292 1046/1046/292 1047/1047/292
f 1048/1048/293 1049/1049/293 1050/1050/293
f 1051/1051/294 1052/1052/294 1053/1053/294
f 1054/1054/294 1053/1053/294 1052/1052/294
f 1055/1055/295 1056/1056/295 1057/1057/295
f 1056/1056/295 1055/1055/295 1058/1058/295
f 1059/1059/296 1060/1060/296 1061/1061/296
f 1062/1062/297 1063/1063/297 1064/1064/297
f 1065/1065/298 1066/1066/298 1067/1067/298
f 1066/1066/298 1065/1065/298 1068/1068/298
f 1069/1069/299 1070/1070/299 1071/1071/299
f 1072/1072/300 1073/1073/300 1074/1074/300
f 1074/1074/300 1073/1073/300 1075/1075/300
f 1076/1076/301 1077/1077/301 1078/1078/301
f 1079/1079/302 1080/1080/302 1081/1081/302
f 1081/1081/302 1082/1082/302 1079/1079/302
f 1083/1083/303 1084/1084/303 1085/1085/303
f 1086/1086/304 1087/1087/304 1088/1088/304
f 1088/1088/304 1087/1087/304 1089/1089/304
f 1090/1090/305 1091/1091/305 1092/1092/305
f 1093/1093/306 1094/1094/306 1095/1095/306
f 1093/1093/306 1095/1095/306 1096/1096/306
f 1097/1097/307 1098/1098/307 1099/1099/307
f 1100/1100/308 1101/1101/308 1102/1102/308
f 1103/1103/309 1104/1104/309 1105/1105/309
f 1104/1104/309 1103/1103/309 1106/1106/309
f 1107/1107/310 1108/1108/310 1109/1109/310
f 1108/1108/310 1107/1107/310 1110/1110/310
f 1111/1111/311 1112/1112/311 1113/1113/311
f 1114/1114/312 1115/1115/312 1116/1116/312
f 1117/1117/313 1118/1118/313 1119/1119/313
f 1118/1118/313 1117/1117/313 1120/1120/313
f 1121/1121/314 1122/1122/314 1123/1123/314
f 1124/1124/315 1125/1125/315 1126/1126/315
f 1127/1127/316 1128/1128/316 1129/1129/316
f 1128/1128/316 1127/1127/316 1130/1130/316
f 1131/1131/317 1132/1132/317 1133/1133/317
f 1132/1132/317 1131/1131/317 1134/1134/317
f 1135/1135/318 1136/1136/318 1137/1137/318
f 1138/1138/319 1139/1139/319 1140/1140/319
f 1141/1141/320 1142/1142/320 1143/1143/320
f 1142/1142/320 1141/1141/320 1144/1144/320
# Vertices: 172, normals: 48, texture coordinates: 172, faces: 76

o obj3
v 0.08686351 -0.08876342 0.12488411
v -0.03385448 -0.1507232 0.18316121
v 0.11213135 -0.14885494 0.15808722
v -0.02548551 -0.09367031 0.13861726
v 0.08686351 -0.08876342 0.12488411
v 0.18667245 -0.14949598 0.03046129
v 0.14625645 -0.0877273 0.02841328
v 0.11213135 -0.14885494 0.15808722
v 0.10796642 -0.09134218 -0.07815171
v 0.18667245 -0.14949598 0.03046129
v 0.14032649 -0.14644326 -0.10833576
v 0.14625645 -0.0877273 0.02841328
v -0.00138354 -0.15602864 -0.15443877
v 0.0008285 -0.09688608 -0.11456372
v 0.10796642 -0.09134218 -0.07815171
v 0.14032649 -0.14644326 -0.10833576
v -0.00138354 -0.15602864 -0.15443877
v -0.09448051 -0.10018438 -0.05340578
v 0.0008285 -0.09688608 -0.11456372
v -0.13305855 -0.15783297 -0.07826474
v -0.13305855 -0.15783297 -0.07826474
v -0.15012264 -0.1576855 0.07641122
v -0.09448051 -0.10018438 -0.05340578
v -0.10619164 -0.0987534 0.05927013
v -0.02548551 -0.09367031 0.13861726
v -0.15012264 -0.1576855 0.07641122
v -0.03385448 -0.1507232 0.18316121
v -0.10619164 -0.0987534 0.05927013
v 0.10796642 -0.09134218 -0.07815171
v 0.1702485 -0.0498528 0.03042625
v 0.14625645 -0.0877273 0.02841328
v 0.1243813 -0.05418317 -0.09722782
v -0.00395966 -0.06082427 -0.14084674
v 0.1243813 -0.05418317 -0.09722782
v 0.10796642 -0.09134218 -0.07815171
v 0.0008285 -0.09688608 -0.11456372
v -0.00395966 -0.06082427 -0.14084674
v -0.09448051 -0.10018438 -0.05340578
v -0.11813068 -0.06477519 -0.06758476
v 0.0008285 -0.09688608 -0.11456372
v -0.13215852 -0.0630609 0.06739019
v -0.11813068 -0.06477519 -0.06758476
v -0.09448051 -0.10018438 -0.05340578
v -0.10619164 -0.0987534 0.05927013
v -0.03548169 -0.05697222 0.16243909
v -0.10619164 -0.0987534 0.05927013
v -0.02548551 -0.09367031 0.13861726
v -0.13215852 -0.0630609 0.06739019
v 0.08686351 -0.08876342 0.12488411
v -0.03548169 -0.05697222 0.16243909
v -0.02548551 -0.09367031 0.13861726
v 0.09910249 -0.05109402 0.14598821
v 0.1702485 -0.0498528 0.03042625
v 0.08686351 -0.08876342 0.12488411
v 0.14625645 -0.0877273 0.02841328
v 0.09910249 -0.05109402 0.14598821
v 0.11505937 -0.30138888 -0.06928878
v 0.1720333 -0.2690956 0.03339525
v 0.15045548 -0.29853149 0.03074021
v 0.12859941 -0.27319619 -0.08748774
v 0.00706434 -0.27948515 -0.12879375
v 0.11505937 -0.30138888 -0.06928878
v 0.01488233 -0.30717076 -0.10390287
v 0.12859941 -0.27319619 -0.08748774
v -0.0746386 -0.31152267 -0.04703574
v 0.00706434 -0.27948515 -0.12879375
v 0.01488233 -0.30717076 -0.10390287
v -0.10105156 -0.28322639 -0.05941777
v -0.11433649 -0.28160331 0.06839915
v -0.10105156 -0.28322639 -0.05941777
v -0.0746386 -0.31152267 -0.04703574
v -0.08609461 -0.31116789 0.05848903
v -0.08609461 -0.31116789 0.05848903
v -0.02278566 -0.27583743 0.15840812
v -0.11433649 -0.28160331 0.06839915
v -0.01085758 -0.30637354 0.13321014
v 0.09441733 -0.30074972 0.12086123
v -0.02278566 -0.27583743 0.15840812
v -0.01085758 -0.30637354 0.13321014
v 0.10466051 -0.27027103 0.14282913
v 0.11505937 -0.30138888 -0.06928878
v -0.0746386 -0.31152267 -0.04703574
v 0.01488233 -0.30717076 -0.10390287
v 0.15045548 -0.29853149 0.03074021
v -0.08609461 -0.31116789 0.05848903
v 0.09441733 -0.30074972 0.12086123
v -0.01085758 -0.30637354 0.13321014
v 0.1720333 -0.2690956 0.03339525
v 0.09441733 -0.30074972 0.12086123
v 0.15045548 -0.29853149 0.03074021
v 0.10466051 -0.27027103 0.14282913
vn 0.10863 0.56054 0.82097
vn 0.73205 0.52141 0.43844
vn 0.78598 0.55501 -0.27239
vn 0.23194 0.55226 -0.80075
vn -0.44199 0.548 -0.71017
vn -0.81006 0.57931 -0.09061
vn -0.58216 0.57058 0.57925
vn 0.81831 -0.50365 -0.27694
vn 0.29631 -0.53653 -0.79015
vn -0.43036 -0.56828 -0.70132
vn -0.8145 -0.57498 -0.07735
vn -0.56685 -0.5516 0.6119
vn 0.12611 -0.51573 0.84742
vn 0.74256 -0.4944 0.45185
vn 0.79016 -0.55287 -0.26455
vn 0.28759 -0.60315 -0.74397
vn -0.38364 -0.66276 -0.64309
vn -0.72362 -0.68655 -0.0709
vn -0.50539 -0.66147 0.55411
vn 0.1235 -0.60478 0.78676
vn 0.05443 -0.99847 0.00926
vn 0.71169 -0.55498 0.43069
vt -0.18167 0.27247
vt -0.18245 0.25773
vt -0.18885 0.27108
vt -0.17676 0.26227
vt -0.27719 0.39608
vt -0.28548 0.4086
vt -0.27821 0.40736
vt -0.28417 0.39388
vt 0.20122 0.41722
vt 0.188 0.42346
vt 0.20262 0.42414
vt 0.18993 0.41634
vt 0.43704 0.1336
vt 0.43017 0.13551
vt 0.43039 0.14684
vt 0.43725 0.14853
vt 0.44102 0.24159
vt 0.42897 0.23294
vt 0.43405 0.24306
vt 0.43436 0.22791
vt 0.35631 0.10249
vt 0.3423 0.09572
vt 0.35138 0.10796
vt 0.34112 0.10317
vt 0.04803 0.03106
vt 0.05664 0.01838
vt 0.0428 0.02599
vt 0.05805 0.02579
vt -0.22779 -0.0033
vt -0.21542 0.00127
vt -0.21646 -0.00309
vt -0.22899 0.00102
vt 0.07334 0.12221
vt 0.08223 0.13246
vt 0.08478 0.12877
vt 0.07736 0.12021
vt 0.2105 0.3738
vt 0.21184 0.36068
vt 0.20735 0.3606
vt 0.21447 0.3717
vt 0.19966 0.42813
vt 0.19573 0.44112
vt 0.20022 0.44131
vt 0.2035 0.43047
vt -0.41337 0.07363
vt -0.42076 0.06271
vt -0.41786 0.07366
vt -0.41685 0.06051
vt -0.4205 0.21537
vt -0.41322 0.20438
vt -0.41771 0.20439
vt -0.41657 0.21753
vt -0.40926 0.21049
vt -0.40411 0.19835
vt -0.41173 0.20674
vt -0.40014 0.20044
vt -0.2278 0.00549
vt -0.21618 0.00912
vt -0.21719 0.0056
vt -0.22903 0.00889
vt 0.0589 0.13396
vt 0.06954 0.14058
vt 0.06247 0.13265
vt 0.06747 0.14354
vt 0.17835 0.37324
vt 0.17668 0.38512
vt 0.1802 0.3837
vt 0.17436 0.37248
vt 0.09629 0.47824
vt 0.0894 0.4891
vt 0.09324 0.49044
vt 0.09896 0.4815
vt -0.42882 0.18912
vt -0.41955 0.19728
vt -0.42589 0.1861
vt -0.42355 0.19833
vt -0.43745 0.2278
vt -0.43129 0.21686
vt -0.43539 0.21738
vt -0.43391 0.22944
vt -0.2316 0.37054
vt -0.23568 0.35185
vt -0.23814 0.36218
vt -0.22099 0.37064
vt -0.22607 0.34734
vt -0.21429 0.36241
vt -0.21655 0.35204
vt -0.4152 0.20096
vt -0.41 0.19002
vt -0.41715 0.19787
vt -0.40642 0.19158
usemtl mat2
f 1145/1145/321 1146/1146/321 1147/1147/321
f 1146/1146/321 1145/1145/321 1148/1148/321
f 1149/1149/322 1150/1150/322 1151/1151/322
f 1152/1152/322 1150/1150/322 1149/1149/322
f 1153/1153/323 1154/1154/323 1155/1155/323
f 1154/1154/323 1153/1153/323 1156/1156/323
f 1157/1157/324 1158/1158/324 1159/1159/324
f 1160/1160/324 1157/1157/324 1159/1159/324
f 1161/1161/325 1162/1162/325 1163/1163/325
f 1162/1162/325 1161/1161/325 1164/1164/325
f 1165/1165/326 1166/1166/326 1167/1167/326
f 1167/1167/326 1166/1166/326 1168/1168/326
f 1169/1169/327 1170/1170/327 1171/1171/327
f 1170/1170/327 1169/1169/327 1172/1172/327
f 1173/1173/328 1174/1174/328 1175/1175/328
f 1174/1174/328 1173/1173/328 1176/1176/328
f 1177/1177/329 1178/1178/329 1179/1179/329
f 1179/1179/329 1180/1180/329 1177/1177/329
f 1181/1181/330 1182/1182/330 1183/1183/330
f 1182/1182/330 1181/1181/330 1184/1184/330
f 1185/1185/331 1186/1186/331 1187/1187/331
f 1187/1187/331 1188/1188/331 1185/1185/331
f 1189/1189/332 1190/1190/332 1191/1191/332
f 1190/1190/332 1189/1189/332 1192/1192/332
f 1193/1193/333 1194/1194/333 1195/1195/333
f 1194/1194/333 1193/1193/333 1196/1196/333
f 1197/1197/334 1198/1198/334 1199/1199/334
f 1198/1198/334 1197/1197/334 1200/1200/334
f 1201/1201/335 1202/1202/335 1203/1203/335
f 1202/1202/335 1201/1201/335 1204/1204/335
f 1205/1205/336 1206/1206/336 1207/1207/336
f 1205/1205/336 1208/1208/336 1206/1206/336
f 1209/1209/337 1210/1210/337 1211/1211/337
f 1210/1210/337 1209/1209/337 1212/1212/337
f 1213/1213/338 1214/1214/338 1215/1215/338
f 1215/1215/338 1216/1216/338 1213/1213/338
f 1217/1217/339 1218/1218/339 1219/1219/339
f 1218/1218/339 1217/1217/339 1220/1220/339
f 1221/1221/340 1222/1222/340 1223/1223/340
f 1222/1222/340 1221/1221/340 1224/1224/340
f 1225/1225/341 1226/1226/341 1227/1227/341
f 1226/1226/341 1228/1228/341 1229/1229/341
f 1226/1226/341 1225/1225/341 1228/1228/341
f 1230/1230/341 1229/1229/341 1228/1228/341
f 1229/1229/341 1230/1230/341 1231/1231/341
f 1232/1232/342 1233/1233/342 1234/1234/342
f 1233/1233/342 1232/1232/342 1235/1235/342
# Vertices: 91, normals: 22, texture coordinates: 91, faces: 47

o obj4
v 0.10466051 -0.27027103 0.14282913
v -0.03551054 -0.21575711 0.18670007
v -0.02278566 -0.27583743 0.15840812
v 0.11860442 -0.20902605 0.16786215
v 0.20007538 -0.20760459 0.0355291
v 0.10466051 -0.27027103 0.14282913
v 0.1720333 -0.2690956 0.03339525
v 0.11860442 -0.20902605 0.16786215
v 0.20007538 -0.20760459 0.0355291
v 0.12859941 -0.27319619 -0.08748774
v 0.1475513 -0.21256317 -0.11064986
v 0.1720333 -0.2690956 0.03339525
v 0.12859941 -0.27319619 -0.08748774
v 0.00058651 -0.22016847 -0.16059878
v 0.1475513 -0.21256317 -0.11064986
v 0.00706434 -0.27948515 -0.12879375
v -0.10105156 -0.28322639 -0.05941777
v -0.13935161 -0.22670857 -0.07658986
v 0.00058651 -0.22016847 -0.16059878
v 0.00706434 -0.27948515 -0.12879375
v -0.10105156 -0.28322639 -0.05941777
v -0.15510153 -0.22446791 0.07800217
v -0.13935161 -0.22670857 -0.07658986
v -0.11433649 -0.28160331 0.06839915
v -0.03551054 -0.21575711 0.18670007
v -0.11433649 -0.28160331 0.06839915
v -0.02278566 -0.27583743 0.15840812
v -0.15510153 -0.22446791 0.07800217
v 0.1475513 -0.21256317 -0.11064986
v 0.18667245 -0.14949598 0.03046129
v 0.20007538 -0.20760459 0.0355291
v 0.14032649 -0.14644326 -0.10833576
v 0.14032649 -0.14644326 -0.10833576
v 0.00058651 -0.22016847 -0.16059878
v -0.00138354 -0.15602864 -0.15443877
v 0.1475513 -0.21256317 -0.11064986
v 0.00058651 -0.22016847 -0.16059878
v -0.13935161 -0.22670857 -0.07658986
v -0.13305855 -0.15783297 -0.07826474
v -0.00138354 -0.15602864 -0.15443877
v -0.15012264 -0.1576855 0.07641122
v -0.13305855 -0.15783297 -0.07826474
v -0.13935161 -0.22670857 -0.07658986
v -0.15510153 -0.22446791 0.07800217
v -0.03551054 -0.21575711 0.18670007
v -0.15012264 -0.1576855 0.07641122
v -0.15510153 -0.22446791 0.07800217
v -0.03385448 -0.1507232 0.18316121
v 0.11213135 -0.14885494 0.15808722
v -0.03551054 -0.21575711 0.18670007
v 0.11860442 -0.20902605 0.16786215
v -0.03385448 -0.1507232 0.18316121
v 0.20007538 -0.20760459 0.0355291
v 0.11213135 -0.14885494 0.15808722
v 0.11860442 -0.20902605 0.16786215
v 0.18667245 -0.14949598 0.03046129
vn 0.1284 -0.40012 0.90742
vn 0.79045 -0.37722 0.48259
vn 0.87181 -0.38715 -0.30012
vn 0.31119 -0.42246 -0.85128
vn -0.44398 -0.48908 -0.75079
vn -0.81614 -0.57283 -0.07607
vn -0.58416 -0.47852 0.65558
vn 0.93406 0.14789 -0.32505
vn 0.31013 0.0835 -0.94702
vn -0.5085 0.04552 -0.85986
vn -0.99118 0.07981 -0.10578
vn -0.67538 0.06259 0.73481
vn 0.14081 0.11004 0.9839
vn 0.83909 0.20427 0.50418
vt -0.42862 0.19644
vt -0.41813 0.1848
vt -0.42486 0.18415
vt -0.42267 0.19967
vt -0.43001 0.20165
vt -0.42588 0.18654
vt -0.4342 0.19634
vt -0.41996 0.1898
vt -0.21296 -0.07072
vt -0.22702 -0.07764
vt -0.2285 -0.07104
vt -0.21417 -0.07737
vt 0.14164 0.08283
vt 0.12755 0.07599
vt 0.13735 0.08805
vt 0.13354 0.07285
vt 0.26009 0.33769
vt 0.25306 0.33742
vt 0.25749 0.35314
vt 0.26351 0.35008
vt 0.21592 0.44514
vt 0.21336 0.42946
vt 0.20893 0.44435
vt 0.21959 0.43282
vt -0.41241 0.00299
vt -0.42009 -0.01066
vt -0.41911 0.00215
vt -0.41347 -0.01315
vt -0.23374 -0.29211
vt -0.21896 -0.28611
vt -0.2182 -0.29204
vt -0.23359 -0.28546
vt 0.31904 0.02475
vt 0.31861 0.00812
vt 0.31292 0.01114
vt 0.32519 0.0222
vt 0.40757 0.26322
vt 0.401 0.24827
vt 0.39508 0.25185
vt 0.40158 0.26561
vt 0.40886 0.04747
vt 0.42101 0.05721
vt 0.42515 0.05167
vt 0.41289 0.04212
vt -0.1373 -0.16843
vt -0.12154 -0.17462
vt -0.12579 -0.1798
vt -0.13289 -0.16363
vt -0.33177 0.20361
vt -0.33108 0.18716
vt -0.33745 0.20133
vt -0.32536 0.19026
vt -0.40541 0.29765
vt -0.39397 0.28619
vt -0.39939 0.28332
vt -0.39982 0.29977
usemtl mat3
f 1236/1236/343 1237/1237/343 1238/1238/343
f 1237/1237/343 1236/1236/343 1239/1239/343
f 1240/1240/344 1241/1241/344 1242/1242/344
f 1241/1241/344 1240/1240/344 1243/1243/344
f 1244/1244/345 1245/1245/345 1246/1246/345
f 1247/1247/345 1245/1245/345 1244/1244/345
f 1248/1248/346 1249/1249/346 1250/1250/346
f 1249/1249/346 1248/1248/346 1251/1251/346
f 1252/1252/347 1253/1253/347 1254/1254/347
f 1255/1255/347 1252/1252/347 1254/1254/347
f 1256/1256/348 1257/1257/348 1258/1258/348
f 1257/1257/348 1256/1256/348 1259/1259/348
f 1260/1260/349 1261/1261/349 1262/1262/349
f 1261/1261/349 1260/1260/349 1263/1263/349
f 1264/1264/350 1265/1265/350 1266/1266/350
f 1265/1265/350 1264/1264/350 1267/1267/350
f 1268/1268/351 1269/1269/351 1270/1270/351
f 1269/1269/351 1268/1268/351 1271/1271/351
f 1272/1272/352 1273/1273/352 1274/1274/352
f 1272/1272/352 1274/1274/352 1275/1275/352
f 1276/1276/353 1277/1277/353 1278/1278/353
f 1278/1278/353 1279/1279/353 1276/1276/353
f 1280/1280/354 1281/1281/354 1282/1282/354
f 1281/1281/354 1280/1280/354 1283/1283/354
f 1284/1284/355 1285/1285/355 1286/1286/355
f 1285/1285/355 1284/1284/355 1287/1287/355
f 1288/1288/356 1289/1289/356 1290/1290/356
f 1289/1289/356 1288/1288/356 1291/1291/356
# Vertices: 56, normals: 14, texture coordinates: 56, faces: 28

o obj5
v 0.1702485 -0.0498528 0.03042625
v 0.10385441 -0.06113358 -0.07579971
v 0.14064836 -0.05804959 0.02774118
v 0.1243813 -0.05418317 -0.09722782
v -7.63E-06 -0.06567069 -0.11152292
v 0.10385441 -0.06113358 -0.07579971
v 0.1243813 -0.05418317 -0.09722782
v -0.00395966 -0.06082427 -0.14084674
v -0.00395966 -0.06082427 -0.14084674
v -0.09272766 -0.06824368 -0.05252887
v -7.63E-06 -0.06567069 -0.11152292
v -0.11813068 -0.06477519 -0.06758476
v -0.11813068 -0.06477519 -0.06758476
v -0.13215852 -0.0630609 0.06739019
v -0.10448551 -0.06691591 0.0567603
v -0.09272766 -0.06824368 -0.05252887
v -0.02642751 -0.06268642 0.13404629
v -0.13215852 -0.0630609 0.06739019
v -0.03548169 -0.05697222 0.16243909
v -0.10448551 -0.06691591 0.0567603
v -0.03548169 -0.05697222 0.16243909
v 0.09910249 -0.05109402 0.14598821
v 0.08266735 -0.05874081 0.12113116
v -0.02642751 -0.06268642 0.13404629
v 0.14064836 -0.05804959 0.02774118
v 0.08266735 -0.05874081 0.12113116
v 0.09910249 -0.05109402 0.14598821
v 0.1702485 -0.0498528 0.03042625
vn -0.2665 0.96168 0.06444
vn -0.11193 0.97535 0.19016
vn 0.06125 0.9876 0.14452
vn 0.13652 0.99064 0.00207
vn 0.09326 0.98374 -0.15346
vn -0.0673 0.9699 -0.23403
vn -0.24485 0.95904 -0.14244
vt 0.21975 0.30988
vt 0.23198 0.30694
vt 0.22098 0.30706
vt 0.23332 0.30968
vt 0.1718 0.33855
vt 0.16454 0.34681
vt 0.16578 0.34959
vt 0.17469 0.33936
vt 0.16381 0.39243
vt 0.15928 0.38073
vt 0.16093 0.3916
vt 0.16171 0.37902
vt 0.207 0.39644
vt 0.19493 0.39023
vt 0.19491 0.39322
vt 0.20467 0.39829
vt 0.25284 0.37625
vt 0.26214 0.36791
vt 0.25032 0.37456
vt 0.26243 0.37088
vt 0.29298 0.33496
vt 0.29148 0.34845
vt 0.29438 0.3474
vt 0.29561 0.33648
vt 0.28751 0.31992
vt 0.28003 0.31187
vt 0.27712 0.31287
vt 0.28638 0.3228
usemtl mat4
f 1292/1292/357 1293/1293/357 1294/1294/357
f 1292/1292/357 1295/1295/357 1293/1293/357
f 1296/1296/358 1297/1297/358 1298/1298/358
f 1298/1298/358 1299/1299/358 1296/1296/358
f 1300/1300/359 1301/1301/359 1302/1302/359
f 1300/1300/359 1303/1303/359 1301/1301/359
f 1304/1304/360 1305/1305/360 1306/1306/360
f 1304/1304/360 1306/1306/360 1307/1307/360
f 1308/1308/361 1309/1309/361 1310/1310/361
f 1309/1309/361 1308/1308/361 1311/1311/361
f 1312/1312/362 1313/1313/362 1314/1314/362
f 1312/1312/362 1314/1314/362 1315/1315/362
f 1316/1316/363 1317/1317/363 1318/1318/363
f 1316/1316/363 1318/1318/363 1319/1319/363
# Vertices: 28, normals: 7, texture coordinates: 28, faces: 14

o obj6
v -7.63E-06 -0.06567069 -0.11152292
v 0.14064836 -0.05804959 0.02774118
v 0.10385441 -0.06113358 -0.07579971
v -0.09272766 -0.06824368 -0.05252887
v 0.08266735 -0.05874081 0.12113116
v -0.10448551 -0.06691591 0.0567603
v -0.02642751 -0.06268642 0.13404629
vn -0.03806 0.99914 -0.01624
vt 0.2392 0.36627
vt 0.22145 0.37507
vt 0.23244 0.37494
vt 0.23663 0.35558
vt 0.2145 0.36655
vt 0.22667 0.35092
vt 0.21682 0.35581
usemtl mat5
f 1320/1320/364 1321/1321/364 1322/1322/364
f 1321/1321/364 1320/1320/364 1323/1323/364
f 1321/1321/364 1323/1323/364 1324/1324/364
f 1325/1325/364 1324/1324/364 1323/1323/364
f 1324/1324/364 1325/1325/364 1326/1326/364
# Vertices: 7, normals: 1, texture coordinates: 7, faces: 5

